{"strategy":{"EPA_Ultimate":{"trades":[{"pair":"SOL/USDT","stake_amount":99.98989,"max_stake_amount":99.98989,"amount":0.539,"open_date":"2024-11-06 16:00:00+00:00","close_date":"2024-11-10 16:00:00+00:00","open_rate":185.51,"close_rate":212.23,"fee_open":0.001,"fee_close":0.001,"trade_duration":5760,"profit_ratio":0.14174957703608448,"profit_abs":14.18769814,"exit_reason":"tp_1R_long","initial_stop_loss_abs":1.8551,"initial_stop_loss_ratio":-0.99,"stop_loss_abs":161.58565770178402,"stop_loss_ratio":-0.13488779472221857,"min_rate":184.74,"max_rate":213.3,"is_open":false,"enter_tag":"","leverage":1.0,"is_short":false,"open_timestamp":1730908800000,"close_timestamp":1731254400000,"orders":[{"amount":0.539,"safe_price":185.51,"ft_order_side":"buy","order_filled_timestamp":1730908800000,"ft_is_entry":true,"ft_order_tag":"","cost":100.08987988999999},{"amount":0.539,"safe_price":212.23,"ft_order_side":"sell","order_filled_timestamp":1731254400000,"ft_is_entry":false,"ft_order_tag":"tp_1R_long","cost":114.50636196999999}],"funding_fees":0.0,"weekday":6},{"pair":"BTC/USDT","stake_amount":99.900228,"max_stake_amount":99.900228,"amount":0.00136,"open_date":"2024-11-06 09:00:00+00:00","close_date":"2024-12-20 00:00:00+00:00","open_rate":73456.05,"close_rate":97461.86,"fee_open":0.001,"fee_close":0.001,"trade_duration":62820,"profit_ratio":0.3241541167436592,"profit_abs":32.41545324,"exit_reason":"force_exit","initial_stop_loss_abs":734.5605000000007,"initial_stop_loss_ratio":-0.99,"stop_loss_abs":1083.5300000000009,"stop_loss_ratio":-0.99,"min_rate":73314.85,"max_rate":108353.0,"is_open":false,"enter_tag":"","leverage":1.0,"is_short":false,"open_timestamp":1730883600000,"close_timestamp":1734652800000,"orders":[{"amount":0.00136,"safe_price":73456.05,"ft_order_side":"buy","order_filled_timestamp":1730883600000,"ft_is_entry":true,"ft_order_tag":"","cost":100.00012822800001},{"amount":0.00136,"safe_price":97461.86,"ft_order_side":"sell","order_filled_timestamp":1734652800000,"ft_is_entry":false,"ft_order_tag":"force_exit","cost":132.6806777296}],"funding_fees":0.0,"weekday":4},{"pair":"ETH/USDT","stake_amount":99.83618,"max_stake_amount":99.83618,"amount":0.0379,"open_date":"2024-11-06 16:00:00+00:00","close_date":"2024-12-20 00:00:00+00:00","open_rate":2634.2,"close_rate":3417.01,"fee_open":0.001,"fee_close":0.001,"trade_duration":62400,"profit_ratio":0.2945800649785318,"profit_abs":29.43915814,"exit_reason":"force_exit","initial_stop_loss_abs":26.34200000000002,"initial_stop_loss_ratio":-0.99,"stop_loss_abs":41.07800000000004,"stop_loss_ratio":-0.99,"min_rate":2633.43,"max_rate":4107.8,"is_open":false,"enter_tag":"","leverage":1.0,"is_short":false,"open_timestamp":1730908800000,"close_timestamp":1734652800000,"orders":[{"amount":0.0379,"safe_price":2634.2,"ft_order_side":"buy","order_filled_timestamp":1730908800000,"ft_is_entry":true,"ft_order_tag":"","cost":99.93601617999998},{"amount":0.0379,"safe_price":3417.01,"ft_order_side":"sell","order_filled_timestamp":1734652800000,"ft_is_entry":false,"ft_order_tag":"force_exit","cost":129.634183679}],"funding_fees":0.0,"weekday":4},{"pair":"SOL/USDT","stake_amount":99.79122,"max_stake_amount":99.79122,"amount":0.474,"open_date":"2024-11-10 23:00:00+00:00","close_date":"2024-12-20 00:00:00+00:00","open_rate":210.53,"close_rate":193.82,"fee_open":0.001,"fee_close":0.001,"trade_duration":56220,"profit_ratio":-0.08121052936518666,"profit_abs":-8.1122019,"exit_reason":"force_exit","initial_stop_loss_abs":2.105300000000002,"initial_stop_loss_ratio":-0.99,"stop_loss_abs":2.643900000000002,"stop_loss_ratio":-0.99,"min_rate":187.0,"max_rate":264.39,"is_open":false,"enter_tag":"","leverage":1.0,"is_short":false,"open_timestamp":1731279600000,"close_timestamp":1734652800000,"orders":[{"amount":0.474,"safe_price":210.53,"ft_order_side":"buy","order_filled_timestamp":1731279600000,"ft_is_entry":true,"ft_order_tag":"","cost":99.89101121999998},{"amount":0.474,"safe_price":193.82,"ft_order_side":"sell","order_filled_timestamp":1734652800000,"ft_is_entry":false,"ft_order_tag":"force_exit","cost":91.96255067999998}],"funding_fees":0.0,"weekday":4},{"pair":"XRP/USDT","stake_amount":99.97785,"max_stake_amount":99.97785,"amount":186.7,"open_date":"2024-11-06 11:00:00+00:00","close_date":"2024-12-20 00:00:00+00:00","open_rate":0.5355,"close_rate":2.2391,"fee_open":0.001,"fee_close":0.001,"trade_duration":62700,"profit_ratio":3.1729715662488767,"profit_abs":317.54410218,"exit_reason":"force_exit","initial_stop_loss_abs":0.0054,"initial_stop_loss_ratio":-0.99,"stop_loss_abs":0.0291,"stop_loss_ratio":-0.99,"min_rate":0.5272,"max_rate":2.9092,"is_open":false,"enter_tag":"","leverage":1.0,"is_short":false,"open_timestamp":1730890800000,"close_timestamp":1734652800000,"orders":[{"amount":186.7,"safe_price":0.5355,"ft_order_side":"buy","order_filled_timestamp":1730890800000,"ft_is_entry":true,"ft_order_tag":"","cost":100.07782784999998},{"amount":186.7,"safe_price":2.2391,"ft_order_side":"sell","order_filled_timestamp":1734652800000,"ft_is_entry":false,"ft_order_tag":"force_exit","cost":418.4580099699999}],"funding_fees":0.0,"weekday":4},{"pair":"BNB/USDT","stake_amount":99.44163,"max_stake_amount":99.44163,"amount":0.171,"open_date":"2024-11-06 11:00:00+00:00","close_date":"2024-12-20 00:00:00+00:00","open_rate":581.53,"close_rate":665.61,"fee_open":0.001,"fee_close":0.001,"trade_duration":62700,"profit_ratio":0.14229723297183272,"profit_abs":14.16441906,"exit_reason":"force_exit","initial_stop_loss_abs":5.815300000000005,"initial_stop_loss_ratio":-0.99,"stop_loss_abs":7.938600000000007,"stop_loss_ratio":-0.99,"min_rate":579.06,"max_rate":793.86,"is_open":false,"enter_tag":"","leverage":1.0,"is_short":false,"open_timestamp":1730890800000,"close_timestamp":1734652800000,"orders":[{"amount":0.171,"safe_price":581.53,"ft_order_side":"buy","order_filled_timestamp":1730890800000,"ft_is_entry":true,"ft_order_tag":"","cost":99.54107162999999},{"amount":0.171,"safe_price":665.61,"ft_order_side":"sell","order_filled_timestamp":1734652800000,"ft_is_entry":false,"ft_order_tag":"force_exit","cost":113.93312931}],"funding_fees":0.0,"weekday":4}],"locks":[],"best_pair":{"key":"XRP/USDT","trades":1,"profit_mean":3.1729715662488767,"profit_mean_pct":317.3,"profit_total_abs":317.54410218,"profit_total":0.15877205108999998,"profit_total_pct":15.88,"duration_avg":"43 days, 13:00:00","wins":1,"draws":0,"losses":0,"winrate":1.0,"cagr":1.9972287050664153,"expectancy":317.54410218,"expectancy_ratio":100.0,"sortino":-100,"sharpe":-100,"calmar":-100,"sqn":-100.0,"profit_factor":0.0,"max_drawdown_account":0.0,"max_drawdown_abs":0.0},"worst_pair":{"key":"SOL/USDT","trades":2,"profit_mean":0.03026952383544891,"profit_mean_pct":3.03,"profit_total_abs":6.07549624,"profit_total":0.00303774812,"profit_total_pct":0.3,"duration_avg":"21 days, 12:30:00","wins":1,"draws":0,"losses":1,"winrate":0.5,"cagr":0.022850997558941488,"expectancy":3.03774812,"expectancy_ratio":0.374466532939719,"sortino":-100,"sharpe":0.21245119975194074,"calmar":29.40785179809054,"sqn":0.2724,"profit_factor":1.7489330658794378,"max_drawdown_account":0.004027530258223391,"max_drawdown_abs":8.1122019},"results_per_pair":[{"key":"XRP/USDT","trades":1,"profit_mean":3.1729715662488767,"profit_mean_pct":317.3,"profit_total_abs":317.54410218,"profit_total":0.15877205108999998,"profit_total_pct":15.88,"duration_avg":"43 days, 13:00:00","wins":1,"draws":0,"losses":0,"winrate":1.0,"cagr":1.9972287050664153,"expectancy":317.54410218,"expectancy_ratio":100.0,"sortino":-100,"sharpe":-100,"calmar":-100,"sqn":-100.0,"profit_factor":0.0,"max_drawdown_account":0.0,"max_drawdown_abs":0.0},{"key":"BTC/USDT","trades":1,"profit_mean":0.3241541167436592,"profit_mean_pct":32.42,"profit_total_abs":32.41545324,"profit_total":0.016207726619999998,"profit_total_pct":1.62,"duration_avg":"43 days, 15:00:00","wins":1,"draws":0,"losses":0,"winrate":1.0,"cagr":0.12722975876853249,"expectancy":32.41545324,"expectancy_ratio":100.0,"sortino":-100,"sharpe":-100,"calmar":-100,"sqn":-100.0,"profit_factor":0.0,"max_drawdown_account":0.0,"max_drawdown_abs":0.0},{"key":"ETH/USDT","trades":1,"profit_mean":0.2945800649785318,"profit_mean_pct":29.46,"profit_total_abs":29.43915814,"profit_total":0.01471957907,"profit_total_pct":1.47,"duration_avg":"43 days, 8:00:00","wins":1,"draws":0,"losses":0,"winrate":1.0,"cagr":0.11499141596332585,"expectancy":29.43915814,"expectancy_ratio":100.0,"sortino":-100,"sharpe":-100,"calmar":-100,"sqn":-100.0,"profit_factor":0.0,"max_drawdown_account":0.0,"max_drawdown_abs":0.0},{"key":"BNB/USDT","trades":1,"profit_mean":0.14229723297183272,"profit_mean_pct":14.23,"profit_total_abs":14.16441906,"profit_total":0.00708220953,"profit_total_pct":0.71,"duration_avg":"43 days, 13:00:00","wins":1,"draws":0,"losses":0,"winrate":1.0,"cagr":0.05397559985760081,"expectancy":14.16441906,"expectancy_ratio":100.0,"sortino":-100,"sharpe":-100,"calmar":-100,"sqn":-100.0,"profit_factor":0.0,"max_drawdown_account":0.0,"max_drawdown_abs":0.0},{"key":"SOL/USDT","trades":2,"profit_mean":0.03026952383544891,"profit_mean_pct":3.03,"profit_total_abs":6.07549624,"profit_total":0.00303774812,"profit_total_pct":0.3,"duration_avg":"21 days, 12:30:00","wins":1,"draws":0,"losses":1,"winrate":0.5,"cagr":0.022850997558941488,"expectancy":3.03774812,"expectancy_ratio":0.374466532939719,"sortino":-100,"sharpe":0.21245119975194074,"calmar":29.40785179809054,"sqn":0.2724,"profit_factor":1.7489330658794378,"max_drawdown_account":0.004027530258223391,"max_drawdown_abs":8.1122019},{"key":"TOTAL","trades":6,"profit_mean":0.6657570047689664,"profit_mean_pct":66.58,"profit_total_abs":399.63862886,"profit_total":0.19981931442999998,"profit_total_pct":19.98,"duration_avg":"36 days, 4:20:00","wins":5,"draws":0,"losses":1,"winrate":0.8333333333333334,"cagr":2.884475113058484,"expectancy":66.60643814333335,"expectancy_ratio":8.210648473053086,"sortino":-100,"sharpe":1.3790387949647045,"calmar":1993.8168681240916,"sqn":1.3181,"profit_factor":50.2638908383185,"max_drawdown_account":0.003907532068494096,"max_drawdown_abs":8.112201900000002}],"results_per_enter_tag":[{"key":"","trades":6,"profit_mean":0.6657570047689664,"profit_mean_pct":66.58,"profit_total_abs":399.63862886,"profit_total":0.19981931442999998,"profit_total_pct":19.98,"duration_avg":"36 days, 4:20:00","wins":5,"draws":0,"losses":1,"winrate":0.8333333333333334,"cagr":2.884475113058484,"expectancy":66.60643814333335,"expectancy_ratio":8.210648473053086,"sortino":-100,"sharpe":1.3790387949647045,"calmar":1993.8168681240916,"sqn":1.3181,"profit_factor":50.2638908383185,"max_drawdown_account":0.003907532068494096,"max_drawdown_abs":8.112201900000002},{"key":"TOTAL","trades":6,"profit_mean":0.6657570047689664,"profit_mean_pct":66.58,"profit_total_abs":399.63862886,"profit_total":0.19981931442999998,"profit_total_pct":19.98,"duration_avg":"36 days, 4:20:00","wins":5,"draws":0,"losses":1,"winrate":0.8333333333333334,"cagr":2.884475113058484,"expectancy":66.60643814333335,"expectancy_ratio":8.210648473053086,"sortino":-100,"sharpe":1.3790387949647045,"calmar":1993.8168681240916,"sqn":1.3181,"profit_factor":50.2638908383185,"max_drawdown_account":0.003907532068494096,"max_drawdown_abs":8.112201900000002}],"exit_reason_summary":[{"key":"force_exit","trades":5,"profit_mean":0.7705584903155427,"profit_mean_pct":77.06,"profit_total_abs":385.45093072,"profit_total":0.19272546536,"profit_total_pct":19.27,"duration_avg":"42 days, 14:48:00","wins":4,"draws":0,"losses":1,"winrate":0.8,"cagr":2.716623437220817,"expectancy":77.090186144,"expectancy_ratio":9.502991554487814,"sortino":-100,"sharpe":1.2411997841746687,"calmar":1909.8917052568684,"sqn":1.2734,"profit_factor":48.51495777243907,"max_drawdown_account":0.00393441994174868,"max_drawdown_abs":8.112201900000002},{"key":"tp_1R_long","trades":1,"profit_mean":0.14174957703608448,"profit_mean_pct":14.17,"profit_total_abs":14.18769814,"profit_total":0.00709384907,"profit_total_pct":0.71,"duration_avg":"4 days, 0:00:00","wins":1,"draws":0,"losses":0,"winrate":1.0,"cagr":0.05406634312638081,"expectancy":14.18769814,"expectancy_ratio":100.0,"sortino":-100,"sharpe":-100,"calmar":-100,"sqn":-100.0,"profit_factor":0.0,"max_drawdown_account":0.0,"max_drawdown_abs":0.0},{"key":"TOTAL","trades":6,"profit_mean":0.6657570047689664,"profit_mean_pct":66.58,"profit_total_abs":399.63862886,"profit_total":0.19981931442999998,"profit_total_pct":19.98,"duration_avg":"36 days, 4:20:00","wins":5,"draws":0,"losses":1,"winrate":0.8333333333333334,"cagr":2.884475113058484,"expectancy":66.60643814333335,"expectancy_ratio":8.210648473053086,"sortino":-100,"sharpe":1.3790387949647045,"calmar":1993.8168681240916,"sqn":1.3181,"profit_factor":50.2638908383185,"max_drawdown_account":0.003907532068494096,"max_drawdown_abs":8.112201900000002}],"mix_tag_stats":[{"key":["","force_exit"],"trades":5,"profit_mean":0.7705584903155427,"profit_mean_pct":77.06,"profit_total_abs":385.45093072,"profit_total":0.19272546536,"profit_total_pct":19.27,"duration_avg":"42 days, 14:48:00","wins":4,"draws":0,"losses":1,"winrate":0.8,"cagr":2.716623437220817,"expectancy":77.090186144,"expectancy_ratio":9.502991554487814,"sortino":-100,"sharpe":1.2411997841746687,"calmar":1909.8917052568684,"sqn":1.2734,"profit_factor":48.51495777243907,"max_drawdown_account":0.00393441994174868,"max_drawdown_abs":8.112201900000002},{"key":["","tp_1R_long"],"trades":1,"profit_mean":0.14174957703608448,"profit_mean_pct":14.17,"profit_total_abs":14.18769814,"profit_total":0.00709384907,"profit_total_pct":0.71,"duration_avg":"4 days, 0:00:00","wins":1,"draws":0,"losses":0,"winrate":1.0,"cagr":0.05406634312638081,"expectancy":14.18769814,"expectancy_ratio":100.0,"sortino":-100,"sharpe":-100,"calmar":-100,"sqn":-100.0,"profit_factor":0.0,"max_drawdown_account":0.0,"max_drawdown_abs":0.0},{"key":"TOTAL","trades":6,"profit_mean":0.6657570047689664,"profit_mean_pct":66.58,"profit_total_abs":399.63862886,"profit_total":0.19981931442999998,"profit_total_pct":19.98,"duration_avg":"36 days, 4:20:00","wins":5,"draws":0,"losses":1,"winrate":0.8333333333333334,"cagr":2.884475113058484,"expectancy":66.60643814333335,"expectancy_ratio":8.210648473053086,"sortino":-100,"sharpe":1.3790387949647045,"calmar":1993.8168681240916,"sqn":1.3181,"profit_factor":50.2638908383185,"max_drawdown_account":0.003907532068494096,"max_drawdown_abs":8.112201900000002}],"left_open_trades":[{"key":"XRP/USDT","trades":1,"profit_mean":3.1729715662488767,"profit_mean_pct":317.3,"profit_total_abs":317.54410218,"profit_total":0.15877205108999998,"profit_total_pct":15.88,"duration_avg":"43 days, 13:00:00","wins":1,"draws":0,"losses":0,"winrate":1.0,"cagr":1.9972287050664153,"expectancy":317.54410218,"expectancy_ratio":100.0,"sortino":-100,"sharpe":-100,"calmar":-100,"sqn":-100.0,"profit_factor":0.0,"max_drawdown_account":0.0,"max_drawdown_abs":0.0},{"key":"BTC/USDT","trades":1,"profit_mean":0.3241541167436592,"profit_mean_pct":32.42,"profit_total_abs":32.41545324,"profit_total":0.016207726619999998,"profit_total_pct":1.62,"duration_avg":"43 days, 15:00:00","wins":1,"draws":0,"losses":0,"winrate":1.0,"cagr":0.12722975876853249,"expectancy":32.41545324,"expectancy_ratio":100.0,"sortino":-100,"sharpe":-100,"calmar":-100,"sqn":-100.0,"profit_factor":0.0,"max_drawdown_account":0.0,"max_drawdown_abs":0.0},{"key":"ETH/USDT","trades":1,"profit_mean":0.2945800649785318,"profit_mean_pct":29.46,"profit_total_abs":29.43915814,"profit_total":0.01471957907,"profit_total_pct":1.47,"duration_avg":"43 days, 8:00:00","wins":1,"draws":0,"losses":0,"winrate":1.0,"cagr":0.11499141596332585,"expectancy":29.43915814,"expectancy_ratio":100.0,"sortino":-100,"sharpe":-100,"calmar":-100,"sqn":-100.0,"profit_factor":0.0,"max_drawdown_account":0.0,"max_drawdown_abs":0.0},{"key":"BNB/USDT","trades":1,"profit_mean":0.14229723297183272,"profit_mean_pct":14.23,"profit_total_abs":14.16441906,"profit_total":0.00708220953,"profit_total_pct":0.71,"duration_avg":"43 days, 13:00:00","wins":1,"draws":0,"losses":0,"winrate":1.0,"cagr":0.05397559985760081,"expectancy":14.16441906,"expectancy_ratio":100.0,"sortino":-100,"sharpe":-100,"calmar":-100,"sqn":-100.0,"profit_factor":0.0,"max_drawdown_account":0.0,"max_drawdown_abs":0.0},{"key":"SOL/USDT","trades":1,"profit_mean":-0.08121052936518666,"profit_mean_pct":-8.12,"profit_total_abs":-8.1122019,"profit_total":-0.0040561009500000005,"profit_total_pct":-0.41,"duration_avg":"39 days, 1:00:00","wins":0,"draws":0,"losses":1,"winrate":0.0,"cagr":-0.02982154922598923,"expectancy":-8.1122019,"expectancy_ratio":-1.0,"sortino":-100,"sharpe":-100,"calmar":-38.9897411725366,"sqn":-100.0,"profit_factor":0.0,"max_drawdown_account":0.004056100949999973,"max_drawdown_abs":8.1122019},{"key":"TOTAL","trades":5,"profit_mean":0.7705584903155427,"profit_mean_pct":77.06,"profit_total_abs":385.45093072,"profit_total":0.19272546536,"profit_total_pct":19.27,"duration_avg":"42 days, 14:48:00","wins":4,"draws":0,"losses":1,"winrate":0.8,"cagr":2.716623437220817,"expectancy":77.090186144,"expectancy_ratio":9.502991554487814,"sortino":-100,"sharpe":1.2411997841746687,"calmar":1909.8917052568684,"sqn":1.2734,"profit_factor":48.51495777243907,"max_drawdown_account":0.00393441994174868,"max_drawdown_abs":8.112201900000002}],"total_trades":6,"trade_count_long":6,"trade_count_short":0,"total_volume":1600.7108483365998,"avg_stake_amount":99.822833,"profit_mean":0.6657570047689664,"profit_median":0.21843864897518225,"profit_total":0.19981931442999998,"profit_total_long":0.19981931442999998,"profit_total_short":0.0,"profit_total_abs":399.63862886,"profit_total_long_abs":399.63862886,"profit_total_short_abs":0.0,"cagr":2.884475113058484,"expectancy":66.60643814333335,"expectancy_ratio":8.210648473053086,"sortino":-100,"sharpe":1.3790387949647045,"calmar":1993.8168681240916,"sqn":1.3181,"profit_factor":50.2638908383185,"backtest_start":"2024-11-01 00:00:00","backtest_start_ts":1730419200000,"backtest_end":"2024-12-20 00:00:00","backtest_end_ts":1734652800000,"backtest_days":49,"backtest_run_start_ts":1766397942,"backtest_run_end_ts":1766397953,"trades_per_day":0.12,"market_change":0.9089548508677797,"pairlist":["BTC/USDT","ETH/USDT","SOL/USDT","XRP/USDT","BNB/USDT"],"stake_amount":100,"stake_currency":"USDT","stake_currency_decimals":3,"starting_balance":2000,"dry_run_wallet":2000,"final_balance":2399.63862886,"rejected_signals":0,"timedout_entry_orders":0,"timedout_exit_orders":0,"canceled_trade_entries":0,"canceled_entry_orders":0,"replaced_entry_orders":0,"max_open_trades":5,"max_open_trades_setting":5,"timeframe":"1h","timeframe_detail":"","timerange":"20241101-20241220","enable_protections":false,"strategy_name":"EPA_Ultimate","freqaimodel":null,"freqai_identifier":null,"stoploss":-0.99,"trailing_stop":false,"trailing_stop_positive":null,"trailing_stop_positive_offset":0.0,"trailing_only_offset_is_reached":false,"use_custom_stoploss":true,"minimal_roi":{"0":100},"use_exit_signal":true,"exit_profit_only":false,"exit_profit_offset":0.0,"ignore_roi_if_entry_signal":false,"trading_mode":"spot","margin_mode":"","periodic_breakdown":{"day":[{"date":"10/11/2024","date_ts":1731196800000,"profit_abs":14.18769814,"wins":1,"draws":0,"losses":0,"trades":1,"profit_factor":0.0},{"date":"11/11/2024","date_ts":1731283200000,"profit_abs":0.0,"wins":0,"draws":0,"losses":0,"trades":0,"profit_factor":0.0},{"date":"12/11/2024","date_ts":1731369600000,"profit_abs":0.0,"wins":0,"draws":0,"losses":0,"trades":0,"profit_factor":0.0},{"date":"13/11/2024","date_ts":1731456000000,"profit_abs":0.0,"wins":0,"draws":0,"losses":0,"trades":0,"profit_factor":0.0},{"date":"14/11/2024","date_ts":1731542400000,"profit_abs":0.0,"wins":0,"draws":0,"losses":0,"trades":0,"profit_factor":0.0},{"date":"15/11/2024","date_ts":1731628800000,"profit_abs":0.0,"wins":0,"draws":0,"losses":0,"trades":0,"profit_factor":0.0},{"date":"16/11/2024","date_ts":1731715200000,"profit_abs":0.0,"wins":0,"draws":0,"losses":0,"trades":0,"profit_factor":0.0},{"date":"17/11/2024","date_ts":1731801600000,"profit_abs":0.0,"wins":0,"draws":0,"losses":0,"trades":0,"profit_factor":0.0},{"date":"18/11/2024","date_ts":1731888000000,"profit_abs":0.0,"wins":0,"draws":0,"losses":0,"trades":0,"profit_factor":0.0},{"date":"19/11/2024","date_ts":1731974400000,"profit_abs":0.0,"wins":0,"draws":0,"losses":0,"trades":0,"profit_factor":0.0},{"date":"20/11/2024","date_ts":1732060800000,"profit_abs":0.0,"wins":0,"draws":0,"losses":0,"trades":0,"profit_factor":0.0},{"date":"21/11/2024","date_ts":1732147200000,"profit_abs":0.0,"wins":0,"draws":0,"losses":0,"trades":0,"profit_factor":0.0},{"date":"22/11/2024","date_ts":1732233600000,"profit_abs":0.0,"wins":0,"draws":0,"losses":0,"trades":0,"profit_factor":0.0},{"date":"23/11/2024","date_ts":1732320000000,"profit_abs":0.0,"wins":0,"draws":0,"losses":0,"trades":0,"profit_factor":0.0},{"date":"24/11/2024","date_ts":1732406400000,"profit_abs":0.0,"wins":0,"draws":0,"losses":0,"trades":0,"profit_factor":0.0},{"date":"25/11/2024","date_ts":1732492800000,"profit_abs":0.0,"wins":0,"draws":0,"losses":0,"trades":0,"profit_factor":0.0},{"date":"26/11/2024","date_ts":1732579200000,"profit_abs":0.0,"wins":0,"draws":0,"losses":0,"trades":0,"profit_factor":0.0},{"date":"27/11/2024","date_ts":1732665600000,"profit_abs":0.0,"wins":0,"draws":0,"losses":0,"trades":0,"profit_factor":0.0},{"date":"28/11/2024","date_ts":1732752000000,"profit_abs":0.0,"wins":0,"draws":0,"losses":0,"trades":0,"profit_factor":0.0},{"date":"29/11/2024","date_ts":1732838400000,"profit_abs":0.0,"wins":0,"draws":0,"losses":0,"trades":0,"profit_factor":0.0},{"date":"30/11/2024","date_ts":1732924800000,"profit_abs":0.0,"wins":0,"draws":0,"losses":0,"trades":0,"profit_factor":0.0},{"date":"01/12/2024","date_ts":1733011200000,"profit_abs":0.0,"wins":0,"draws":0,"losses":0,"trades":0,"profit_factor":0.0},{"date":"02/12/2024","date_ts":1733097600000,"profit_abs":0.0,"wins":0,"draws":0,"losses":0,"trades":0,"profit_factor":0.0},{"date":"03/12/2024","date_ts":1733184000000,"profit_abs":0.0,"wins":0,"draws":0,"losses":0,"trades":0,"profit_factor":0.0},{"date":"04/12/2024","date_ts":1733270400000,"profit_abs":0.0,"wins":0,"draws":0,"losses":0,"trades":0,"profit_factor":0.0},{"date":"05/12/2024","date_ts":1733356800000,"profit_abs":0.0,"wins":0,"draws":0,"losses":0,"trades":0,"profit_factor":0.0},{"date":"06/12/2024","date_ts":1733443200000,"profit_abs":0.0,"wins":0,"draws":0,"losses":0,"trades":0,"profit_factor":0.0},{"date":"07/12/2024","date_ts":1733529600000,"profit_abs":0.0,"wins":0,"draws":0,"losses":0,"trades":0,"profit_factor":0.0},{"date":"08/12/2024","date_ts":1733616000000,"profit_abs":0.0,"wins":0,"draws":0,"losses":0,"trades":0,"profit_factor":0.0},{"date":"09/12/2024","date_ts":1733702400000,"profit_abs":0.0,"wins":0,"draws":0,"losses":0,"trades":0,"profit_factor":0.0},{"date":"10/12/2024","date_ts":1733788800000,"profit_abs":0.0,"wins":0,"draws":0,"losses":0,"trades":0,"profit_factor":0.0},{"date":"11/12/2024","date_ts":1733875200000,"profit_abs":0.0,"wins":0,"draws":0,"losses":0,"trades":0,"profit_factor":0.0},{"date":"12/12/2024","date_ts":1733961600000,"profit_abs":0.0,"wins":0,"draws":0,"losses":0,"trades":0,"profit_factor":0.0},{"date":"13/12/2024","date_ts":1734048000000,"profit_abs":0.0,"wins":0,"draws":0,"losses":0,"trades":0,"profit_factor":0.0},{"date":"14/12/2024","date_ts":1734134400000,"profit_abs":0.0,"wins":0,"draws":0,"losses":0,"trades":0,"profit_factor":0.0},{"date":"15/12/2024","date_ts":1734220800000,"profit_abs":0.0,"wins":0,"draws":0,"losses":0,"trades":0,"profit_factor":0.0},{"date":"16/12/2024","date_ts":1734307200000,"profit_abs":0.0,"wins":0,"draws":0,"losses":0,"trades":0,"profit_factor":0.0},{"date":"17/12/2024","date_ts":1734393600000,"profit_abs":0.0,"wins":0,"draws":0,"losses":0,"trades":0,"profit_factor":0.0},{"date":"18/12/2024","date_ts":1734480000000,"profit_abs":0.0,"wins":0,"draws":0,"losses":0,"trades":0,"profit_factor":0.0},{"date":"19/12/2024","date_ts":1734566400000,"profit_abs":0.0,"wins":0,"draws":0,"losses":0,"trades":0,"profit_factor":0.0},{"date":"20/12/2024","date_ts":1734652800000,"profit_abs":385.45093072,"wins":4,"draws":0,"losses":1,"trades":5,"profit_factor":48.51495777}],"week":[{"date":"11/11/2024","date_ts":1731283200000,"profit_abs":14.18769814,"wins":1,"draws":0,"losses":0,"trades":1,"profit_factor":0.0},{"date":"18/11/2024","date_ts":1731888000000,"profit_abs":0.0,"wins":0,"draws":0,"losses":0,"trades":0,"profit_factor":0.0},{"date":"25/11/2024","date_ts":1732492800000,"profit_abs":0.0,"wins":0,"draws":0,"losses":0,"trades":0,"profit_factor":0.0},{"date":"02/12/2024","date_ts":1733097600000,"profit_abs":0.0,"wins":0,"draws":0,"losses":0,"trades":0,"profit_factor":0.0},{"date":"09/12/2024","date_ts":1733702400000,"profit_abs":0.0,"wins":0,"draws":0,"losses":0,"trades":0,"profit_factor":0.0},{"date":"16/12/2024","date_ts":1734307200000,"profit_abs":0.0,"wins":0,"draws":0,"losses":0,"trades":0,"profit_factor":0.0},{"date":"23/12/2024","date_ts":1734912000000,"profit_abs":385.45093072,"wins":4,"draws":0,"losses":1,"trades":5,"profit_factor":48.51495777}],"month":[{"date":"30/11/2024","date_ts":1732924800000,"profit_abs":14.18769814,"wins":1,"draws":0,"losses":0,"trades":1,"profit_factor":0.0},{"date":"31/12/2024","date_ts":1735603200000,"profit_abs":385.45093072,"wins":4,"draws":0,"losses":1,"trades":5,"profit_factor":48.51495777}],"year":[{"date":"31/12/2024","date_ts":1735603200000,"profit_abs":399.63862886,"wins":5,"draws":0,"losses":1,"trades":6,"profit_factor":50.26389084}],"weekday":[{"date":"Friday","date_ts":4,"profit_abs":385.45093072,"wins":4,"draws":0,"losses":1,"trades":5,"profit_factor":48.51495777},{"date":"Sunday","date_ts":6,"profit_abs":14.18769814,"wins":1,"draws":0,"losses":0,"trades":1,"profit_factor":0.0}]},"backtest_best_day":3.8527924515777134,"backtest_worst_day":0.0,"backtest_best_day_abs":385.45093072,"backtest_worst_day_abs":0.0,"winning_days":2,"draw_days":39,"losing_days":0,"daily_profit":[["2024-11-10",14.18769814],["2024-11-11",0.0],["2024-11-12",0.0],["2024-11-13",0.0],["2024-11-14",0.0],["2024-11-15",0.0],["2024-11-16",0.0],["2024-11-17",0.0],["2024-11-18",0.0],["2024-11-19",0.0],["2024-11-20",0.0],["2024-11-21",0.0],["2024-11-22",0.0],["2024-11-23",0.0],["2024-11-24",0.0],["2024-11-25",0.0],["2024-11-26",0.0],["2024-11-27",0.0],["2024-11-28",0.0],["2024-11-29",0.0],["2024-11-30",0.0],["2024-12-01",0.0],["2024-12-02",0.0],["2024-12-03",0.0],["2024-12-04",0.0],["2024-12-05",0.0],["2024-12-06",0.0],["2024-12-07",0.0],["2024-12-08",0.0],["2024-12-09",0.0],["2024-12-10",0.0],["2024-12-11",0.0],["2024-12-12",0.0],["2024-12-13",0.0],["2024-12-14",0.0],["2024-12-15",0.0],["2024-12-16",0.0],["2024-12-17",0.0],["2024-12-18",0.0],["2024-12-19",0.0],["2024-12-20",385.45093072]],"wins":5,"losses":1,"draws":0,"winrate":0.8333333333333334,"holding_avg":"36 days, 4:20:00","holding_avg_s":3126000.0,"winner_holding_min":"4d 00:00","winner_holding_min_s":345600.0,"winner_holding_max":"43d 15:00","winner_holding_max_s":3769200.0,"winner_holding_avg":"35d 14:36","winner_holding_avg_s":3076560.0,"loser_holding_min":"39d 01:00","loser_holding_min_s":3373200.0,"loser_holding_max":"39d 01:00","loser_holding_max_s":3373200.0,"loser_holding_avg":"39d 01:00","loser_holding_avg_s":3373200.0,"max_consecutive_wins":3,"max_consecutive_losses":1,"max_drawdown_account":0.003907532068494096,"max_relative_drawdown":0.003907532068494096,"max_drawdown_abs":8.112201900000002,"drawdown_start":"2024-12-20 00:00:00","drawdown_start_ts":1734652800000.0,"drawdown_end":"2024-12-20 00:00:00","drawdown_end_ts":1734652800000.0,"drawdown_duration":"0 days 00:00:00","drawdown_duration_s":0.0,"max_drawdown_low":67.93010762,"max_drawdown_high":76.04230952,"csum_min":2014.18769814,"csum_max":2399.63862886}},"strategy_comparison":[{"key":"EPA_Ultimate","trades":6,"profit_mean":0.6657570047689664,"profit_mean_pct":66.58,"profit_total_abs":399.63862886,"profit_total":0.19981931442999998,"profit_total_pct":19.98,"duration_avg":"36 days, 4:20:00","wins":5,"draws":0,"losses":1,"winrate":0.8333333333333334,"cagr":2.884475113058484,"expectancy":66.60643814333335,"expectancy_ratio":8.210648473053086,"sortino":-100,"sharpe":1.3790387949647045,"calmar":1993.8168681240916,"sqn":1.3181,"profit_factor":50.2638908383185,"max_drawdown_account":0.003907532068494096,"max_drawdown_abs":"8.112"}]}