{"strategy":{"EPAAlphaTrend":{"trades":[{"pair":"BNB/USDT","stake_amount":99.5499,"max_stake_amount":99.5499,"amount":0.159,"open_date":"2024-06-03 08:00:00+00:00","close_date":"2024-06-04 08:00:00+00:00","open_rate":626.1,"close_rate":646.1552552552553,"fee_open":0.001,"fee_close":0.001,"trade_duration":1440,"profit_ratio":0.029970029970029972,"profit_abs":2.986497,"exit_reason":"roi","initial_stop_loss_abs":576.0120000000001,"initial_stop_loss_ratio":-0.08,"stop_loss_abs":643.104,"stop_loss_ratio":-0.01,"min_rate":619.9,"max_rate":649.6,"is_open":false,"enter_tag":"","leverage":1.0,"is_short":false,"open_timestamp":1717401600000,"close_timestamp":1717488000000,"orders":[{"amount":0.159,"safe_price":626.1,"ft_order_side":"buy","order_filled_timestamp":1717401600000,"ft_is_entry":true,"ft_order_tag":"","cost":99.6494499},{"amount":0.159,"safe_price":646.1552552552553,"ft_order_side":"sell","order_filled_timestamp":1717488000000,"ft_is_entry":false,"ft_order_tag":"roi","cost":102.84142427117116}],"funding_fees":0.0,"weekday":1},{"pair":"BTC/USDT","stake_amount":99.71962,"max_stake_amount":99.71962,"amount":0.00143,"open_date":"2024-06-12 16:00:00+00:00","close_date":"2024-06-14 20:00:00+00:00","open_rate":69734.0,"close_rate":65520.02,"fee_open":0.001,"fee_close":0.001,"trade_duration":3120,"profit_ratio":-0.06230660985813483,"profit_abs":-6.21940465,"exit_reason":"exit_signal","initial_stop_loss_abs":64155.280000000006,"initial_stop_loss_ratio":-0.08,"stop_loss_abs":64273.407999999996,"stop_loss_ratio":-0.08,"min_rate":65078.0,"max_rate":69862.4,"is_open":false,"enter_tag":"","leverage":1.0,"is_short":false,"open_timestamp":1718208000000,"close_timestamp":1718395200000,"orders":[{"amount":0.00143,"safe_price":69734.0,"ft_order_side":"buy","order_filled_timestamp":1718208000000,"ft_is_entry":true,"ft_order_tag":"","cost":99.81933962},{"amount":0.00143,"safe_price":65520.02,"ft_order_side":"sell","order_filled_timestamp":1718395200000,"ft_is_entry":false,"ft_order_tag":"exit_signal","cost":93.78732222859999}],"funding_fees":0.0,"weekday":4},{"pair":"SOL/USDT","stake_amount":99.94144,"max_stake_amount":99.94144,"amount":0.736,"open_date":"2024-06-25 04:00:00+00:00","close_date":"2024-06-25 08:00:00+00:00","open_rate":135.79,"close_rate":137.76839999999999,"fee_open":0.001,"fee_close":0.001,"trade_duration":240,"profit_ratio":0.012542443956079782,"profit_abs":1.25476342,"exit_reason":"trailing_stop_loss","initial_stop_loss_abs":124.9268,"initial_stop_loss_ratio":-0.08,"stop_loss_abs":137.76839999999999,"stop_loss_ratio":-0.01,"min_rate":133.47,"max_rate":139.16,"is_open":false,"enter_tag":"","leverage":1.0,"is_short":false,"open_timestamp":1719288000000,"close_timestamp":1719302400000,"orders":[{"amount":0.736,"safe_price":135.79,"ft_order_side":"buy","order_filled_timestamp":1719288000000,"ft_is_entry":true,"ft_order_tag":"","cost":100.04138143999998},{"amount":0.736,"safe_price":137.76839999999999,"ft_order_side":"sell","order_filled_timestamp":1719302400000,"ft_is_entry":false,"ft_order_tag":"trailing_stop_loss","cost":101.49893994239999}],"funding_fees":0.0,"weekday":1},{"pair":"ETH/USDT","stake_amount":99.784475,"max_stake_amount":99.784475,"amount":0.0289,"open_date":"2024-06-27 16:00:00+00:00","close_date":"2024-07-03 04:00:00+00:00","open_rate":3452.75,"close_rate":3360.34,"fee_open":0.001,"fee_close":0.001,"trade_duration":7920,"profit_ratio":-0.02870870060079604,"profit_abs":-2.8675473,"exit_reason":"exit_signal","initial_stop_loss_abs":3176.53,"initial_stop_loss_ratio":-0.08,"stop_loss_abs":3242.9448,"stop_loss_ratio":-0.08,"min_rate":3331.23,"max_rate":3524.94,"is_open":false,"enter_tag":"","leverage":1.0,"is_short":false,"open_timestamp":1719504000000,"close_timestamp":1719979200000,"orders":[{"amount":0.0289,"safe_price":3452.75,"ft_order_side":"buy","order_filled_timestamp":1719504000000,"ft_is_entry":true,"ft_order_tag":"","cost":99.884259475},{"amount":0.0289,"safe_price":3360.34,"ft_order_side":"sell","order_filled_timestamp":1719979200000,"ft_is_entry":false,"ft_order_tag":"exit_signal","cost":97.21093982599999}],"funding_fees":0.0,"weekday":2},{"pair":"BTC/USDT","stake_amount":99.8074959,"max_stake_amount":99.8074959,"amount":0.00159,"open_date":"2024-07-01 00:00:00+00:00","close_date":"2024-07-03 04:00:00+00:00","open_rate":62772.01,"close_rate":60988.0,"fee_open":0.001,"fee_close":0.001,"trade_duration":3120,"profit_ratio":-0.030361687453216588,"profit_abs":-3.03335432,"exit_reason":"exit_signal","initial_stop_loss_abs":57750.249200000006,"initial_stop_loss_ratio":-0.08,"stop_loss_abs":58752.819200000005,"stop_loss_ratio":-0.08,"min_rate":60600.0,"max_rate":63861.76,"is_open":false,"enter_tag":"","leverage":1.0,"is_short":false,"open_timestamp":1719792000000,"close_timestamp":1719979200000,"orders":[{"amount":0.00159,"safe_price":62772.01,"ft_order_side":"buy","order_filled_timestamp":1719792000000,"ft_is_entry":true,"ft_order_tag":"","cost":99.9073033959},{"amount":0.00159,"safe_price":60988.0,"ft_order_side":"sell","order_filled_timestamp":1719979200000,"ft_is_entry":false,"ft_order_tag":"exit_signal","cost":97.06789092}],"funding_fees":0.0,"weekday":2},{"pair":"BNB/USDT","stake_amount":99.518,"max_stake_amount":99.518,"amount":0.17,"open_date":"2024-07-01 04:00:00+00:00","close_date":"2024-07-03 08:00:00+00:00","open_rate":585.4,"close_rate":566.3,"fee_open":0.001,"fee_close":0.001,"trade_duration":3120,"profit_ratio":-0.03456007607015465,"profit_abs":-3.442789,"exit_reason":"exit_signal","initial_stop_loss_abs":538.568,"initial_stop_loss_ratio":-0.08,"stop_loss_abs":539.672,"stop_loss_ratio":-0.08,"min_rate":555.3,"max_rate":586.6,"is_open":false,"enter_tag":"","leverage":1.0,"is_short":false,"open_timestamp":1719806400000,"close_timestamp":1719993600000,"orders":[{"amount":0.17,"safe_price":585.4,"ft_order_side":"buy","order_filled_timestamp":1719806400000,"ft_is_entry":true,"ft_order_tag":"","cost":99.61751799999999},{"amount":0.17,"safe_price":566.3,"ft_order_side":"sell","order_filled_timestamp":1719993600000,"ft_is_entry":false,"ft_order_tag":"exit_signal","cost":96.36727099999999}],"funding_fees":0.0,"weekday":2},{"pair":"XRP/USDT","stake_amount":99.98328,"max_stake_amount":99.98328,"amount":205.6,"open_date":"2024-07-02 12:00:00+00:00","close_date":"2024-07-03 20:00:00+00:00","open_rate":0.4863,"close_rate":0.4628,"fee_open":0.001,"fee_close":0.001,"trade_duration":1920,"profit_ratio":-0.050225530176177924,"profit_abs":-5.02673496,"exit_reason":"exit_signal","initial_stop_loss_abs":0.4474,"initial_stop_loss_ratio":-0.08,"stop_loss_abs":0.4498,"stop_loss_ratio":-0.08,"min_rate":0.4611,"max_rate":0.4889,"is_open":false,"enter_tag":"","leverage":1.0,"is_short":false,"open_timestamp":1719921600000,"close_timestamp":1720036800000,"orders":[{"amount":205.6,"safe_price":0.4863,"ft_order_side":"buy","order_filled_timestamp":1719921600000,"ft_is_entry":true,"ft_order_tag":"","cost":100.08326327999998},{"amount":205.6,"safe_price":0.4628,"ft_order_side":"sell","order_filled_timestamp":1720036800000,"ft_is_entry":false,"ft_order_tag":"exit_signal","cost":95.24683167999999}],"funding_fees":0.0,"weekday":2},{"pair":"ETH/USDT","stake_amount":99.725654,"max_stake_amount":99.725654,"amount":0.0322,"open_date":"2024-07-10 08:00:00+00:00","close_date":"2024-07-11 12:00:00+00:00","open_rate":3097.07,"close_rate":3196.2754454454453,"fee_open":0.001,"fee_close":0.001,"trade_duration":1680,"profit_ratio":0.02997002997002997,"profit_abs":2.99176962,"exit_reason":"roi","initial_stop_loss_abs":2849.3044000000004,"initial_stop_loss_ratio":-0.08,"stop_loss_abs":3185.0676,"stop_loss_ratio":-0.01,"min_rate":3054.76,"max_rate":3217.24,"is_open":false,"enter_tag":"","leverage":1.0,"is_short":false,"open_timestamp":1720598400000,"close_timestamp":1720699200000,"orders":[{"amount":0.0322,"safe_price":3097.07,"ft_order_side":"buy","order_filled_timestamp":1720598400000,"ft_is_entry":true,"ft_order_tag":"","cost":99.82537965399999},{"amount":0.0322,"safe_price":3196.2754454454453,"ft_order_side":"sell","order_filled_timestamp":1720699200000,"ft_is_entry":false,"ft_order_tag":"roi","cost":103.02298941268666}],"funding_fees":0.0,"weekday":3},{"pair":"BTC/USDT","stake_amount":99.6728031,"max_stake_amount":99.6728031,"amount":0.00169,"open_date":"2024-07-10 08:00:00+00:00","close_date":"2024-07-14 04:00:00+00:00","open_rate":58977.99,"close_rate":59721.3639,"fee_open":0.001,"fee_close":0.001,"trade_duration":5520,"profit_ratio":0.010581074293729125,"profit_abs":1.05569998,"exit_reason":"trailing_stop_loss","initial_stop_loss_abs":54259.7508,"initial_stop_loss_ratio":-0.08,"stop_loss_abs":59721.3639,"stop_loss_ratio":-0.01,"min_rate":56542.47,"max_rate":60324.61,"is_open":false,"enter_tag":"","leverage":1.0,"is_short":false,"open_timestamp":1720598400000,"close_timestamp":1720929600000,"orders":[{"amount":0.00169,"safe_price":58977.99,"ft_order_side":"buy","order_filled_timestamp":1720598400000,"ft_is_entry":true,"ft_order_tag":"","cost":99.77247590309999},{"amount":0.00169,"safe_price":59721.3639,"ft_order_side":"sell","order_filled_timestamp":1720929600000,"ft_is_entry":false,"ft_order_tag":"trailing_stop_loss","cost":101.03003409599098}],"funding_fees":0.0,"weekday":6},{"pair":"XRP/USDT","stake_amount":99.99232,"max_stake_amount":99.99232,"amount":163.6,"open_date":"2024-07-22 12:00:00+00:00","close_date":"2024-07-24 08:00:00+00:00","open_rate":0.6112,"close_rate":0.6307779779779779,"fee_open":0.001,"fee_close":0.001,"trade_duration":2640,"profit_ratio":0.02997002997002997,"profit_abs":2.9997696,"exit_reason":"roi","initial_stop_loss_abs":0.5624,"initial_stop_loss_ratio":-0.08,"stop_loss_abs":0.6264,"stop_loss_ratio":-0.01,"min_rate":0.5797,"max_rate":0.6327,"is_open":false,"enter_tag":"","leverage":1.0,"is_short":false,"open_timestamp":1721649600000,"close_timestamp":1721808000000,"orders":[{"amount":163.6,"safe_price":0.6112,"ft_order_side":"buy","order_filled_timestamp":1721649600000,"ft_is_entry":true,"ft_order_tag":"","cost":100.09231231999998},{"amount":163.6,"safe_price":0.6307779779779779,"ft_order_side":"sell","order_filled_timestamp":1721808000000,"ft_is_entry":false,"ft_order_tag":"roi","cost":103.29847247439436}],"funding_fees":0.0,"weekday":2},{"pair":"BTC/USDT","stake_amount":99.89258,"max_stake_amount":99.89258,"amount":0.00149,"open_date":"2024-07-26 04:00:00+00:00","close_date":"2024-07-27 12:00:00+00:00","open_rate":67042.0,"close_rate":69189.49149149147,"fee_open":0.001,"fee_close":0.001,"trade_duration":1920,"profit_ratio":0.029970029970029972,"profit_abs":2.9967774,"exit_reason":"roi","initial_stop_loss_abs":61678.64,"initial_stop_loss_ratio":-0.08,"stop_loss_abs":68705.99010000001,"stop_loss_ratio":-0.01,"min_rate":66870.82,"max_rate":69399.99,"is_open":false,"enter_tag":"","leverage":1.0,"is_short":false,"open_timestamp":1721966400000,"close_timestamp":1722081600000,"orders":[{"amount":0.00149,"safe_price":67042.0,"ft_order_side":"buy","order_filled_timestamp":1721966400000,"ft_is_entry":true,"ft_order_tag":"","cost":99.99247257999998},{"amount":0.00149,"safe_price":69189.49149149147,"ft_order_side":"sell","order_filled_timestamp":1722081600000,"ft_is_entry":false,"ft_order_tag":"roi","cost":103.19543466464461}],"funding_fees":0.0,"weekday":5},{"pair":"BNB/USDT","stake_amount":99.5064,"max_stake_amount":99.5064,"amount":0.168,"open_date":"2024-07-29 04:00:00+00:00","close_date":"2024-07-30 04:00:00+00:00","open_rate":592.3,"close_rate":572.7,"fee_open":0.001,"fee_close":0.001,"trade_duration":1440,"profit_ratio":-0.0350232242854225,"profit_abs":-3.48852,"exit_reason":"exit_signal","initial_stop_loss_abs":544.9159999999999,"initial_stop_loss_ratio":-0.08,"stop_loss_abs":547.6759999999999,"stop_loss_ratio":-0.08,"min_rate":566.6,"max_rate":595.3,"is_open":false,"enter_tag":"","leverage":1.0,"is_short":false,"open_timestamp":1722225600000,"close_timestamp":1722312000000,"orders":[{"amount":0.168,"safe_price":592.3,"ft_order_side":"buy","order_filled_timestamp":1722225600000,"ft_is_entry":true,"ft_order_tag":"","cost":99.6059064},{"amount":0.168,"safe_price":572.7,"ft_order_side":"sell","order_filled_timestamp":1722312000000,"ft_is_entry":false,"ft_order_tag":"exit_signal","cost":96.3098136}],"funding_fees":0.0,"weekday":1},{"pair":"ETH/USDT","stake_amount":99.799604,"max_stake_amount":99.799604,"amount":0.0298,"open_date":"2024-07-29 04:00:00+00:00","close_date":"2024-08-01 00:00:00+00:00","open_rate":3348.98,"close_rate":3232.74,"fee_open":0.001,"fee_close":0.001,"trade_duration":4080,"profit_ratio":-0.03663772883478405,"profit_abs":-3.66008726,"exit_reason":"exit_signal","initial_stop_loss_abs":3081.0616,"initial_stop_loss_ratio":-0.08,"stop_loss_abs":3125.0284,"stop_loss_ratio":-0.08,"min_rate":3171.65,"max_rate":3396.77,"is_open":false,"enter_tag":"","leverage":1.0,"is_short":false,"open_timestamp":1722225600000,"close_timestamp":1722470400000,"orders":[{"amount":0.0298,"safe_price":3348.98,"ft_order_side":"buy","order_filled_timestamp":1722225600000,"ft_is_entry":true,"ft_order_tag":"","cost":99.89940360399999},{"amount":0.0298,"safe_price":3232.74,"ft_order_side":"sell","order_filled_timestamp":1722470400000,"ft_is_entry":false,"ft_order_tag":"exit_signal","cost":96.43198765199999}],"funding_fees":0.0,"weekday":3},{"pair":"XRP/USDT","stake_amount":99.94995,"max_stake_amount":99.94995,"amount":166.5,"open_date":"2024-08-08 00:00:00+00:00","close_date":"2024-08-08 00:00:00+00:00","open_rate":0.6003,"close_rate":0.594297,"fee_open":0.001,"fee_close":0.001,"trade_duration":0,"profit_ratio":-0.011978021973024474,"profit_abs":-1.1983999,"exit_reason":"trailing_stop_loss","initial_stop_loss_abs":0.5523,"initial_stop_loss_ratio":-0.08,"stop_loss_abs":0.6177,"stop_loss_ratio":-0.01,"min_rate":0.5785,"max_rate":0.6239,"is_open":false,"enter_tag":"","leverage":1.0,"is_short":false,"open_timestamp":1723075200000,"close_timestamp":1723075200000,"orders":[{"amount":166.5,"safe_price":0.6003,"ft_order_side":"buy","order_filled_timestamp":1723075200000,"ft_is_entry":true,"ft_order_tag":"","cost":100.04989994999998},{"amount":166.5,"safe_price":0.594297,"ft_order_side":"sell","order_filled_timestamp":1723075200000,"ft_is_entry":false,"ft_order_tag":"trailing_stop_loss","cost":99.04940095049997}],"funding_fees":0.0,"weekday":3},{"pair":"BTC/USDT","stake_amount":99.8390904,"max_stake_amount":99.8390904,"amount":0.00168,"open_date":"2024-08-08 16:00:00+00:00","close_date":"2024-08-08 20:00:00+00:00","open_rate":59428.03,"close_rate":61490.237199999996,"fee_open":0.001,"fee_close":0.001,"trade_duration":240,"profit_ratio":0.0326335835958027,"profit_abs":3.26136541,"exit_reason":"trailing_stop_loss","initial_stop_loss_abs":54673.7876,"initial_stop_loss_ratio":-0.08,"stop_loss_abs":61490.237199999996,"stop_loss_ratio":-0.02,"min_rate":59237.59,"max_rate":62745.14,"is_open":false,"enter_tag":"","leverage":1.0,"is_short":false,"open_timestamp":1723132800000,"close_timestamp":1723147200000,"orders":[{"amount":0.00168,"safe_price":59428.03,"ft_order_side":"buy","order_filled_timestamp":1723132800000,"ft_is_entry":true,"ft_order_tag":"","cost":99.93892949039999},{"amount":0.00168,"safe_price":61490.237199999996,"ft_order_side":"sell","order_filled_timestamp":1723147200000,"ft_is_entry":false,"ft_order_tag":"trailing_stop_loss","cost":103.40690209449598}],"funding_fees":0.0,"weekday":3},{"pair":"ETH/USDT","stake_amount":99.789,"max_stake_amount":99.789,"amount":0.0372,"open_date":"2024-08-09 00:00:00+00:00","close_date":"2024-08-12 20:00:00+00:00","open_rate":2682.5,"close_rate":2722.5,"fee_open":0.001,"fee_close":0.001,"trade_duration":5520,"profit_ratio":0.012883668056081848,"profit_abs":1.286934,"exit_reason":"trailing_stop_loss","initial_stop_loss_abs":2467.9,"initial_stop_loss_ratio":-0.08,"stop_loss_abs":2722.5,"stop_loss_ratio":-0.01,"min_rate":2510.05,"max_rate":2750.0,"is_open":false,"enter_tag":"","leverage":1.0,"is_short":false,"open_timestamp":1723161600000,"close_timestamp":1723492800000,"orders":[{"amount":0.0372,"safe_price":2682.5,"ft_order_side":"buy","order_filled_timestamp":1723161600000,"ft_is_entry":true,"ft_order_tag":"","cost":99.88878899999997},{"amount":0.0372,"safe_price":2722.5,"ft_order_side":"sell","order_filled_timestamp":1723492800000,"ft_is_entry":false,"ft_order_tag":"trailing_stop_loss","cost":101.37827699999997}],"funding_fees":0.0,"weekday":0},{"pair":"BTC/USDT","stake_amount":99.4154716,"max_stake_amount":99.4154716,"amount":0.00164,"open_date":"2024-08-20 04:00:00+00:00","close_date":"2024-08-23 12:00:00+00:00","open_rate":60619.19,"close_rate":61697.1564,"fee_open":0.001,"fee_close":0.001,"trade_duration":4800,"profit_ratio":0.015749061634088648,"profit_abs":1.56726609,"exit_reason":"trailing_stop_loss","initial_stop_loss_abs":55769.654800000004,"initial_stop_loss_ratio":-0.08,"stop_loss_abs":61697.1564,"stop_loss_ratio":-0.01,"min_rate":58548.23,"max_rate":62320.36,"is_open":false,"enter_tag":"","leverage":1.0,"is_short":false,"open_timestamp":1724126400000,"close_timestamp":1724414400000,"orders":[{"amount":0.00164,"safe_price":60619.19,"ft_order_side":"buy","order_filled_timestamp":1724126400000,"ft_is_entry":true,"ft_order_tag":"","cost":99.51488707159999},{"amount":0.00164,"safe_price":61697.1564,"ft_order_side":"sell","order_filled_timestamp":1724414400000,"ft_is_entry":false,"ft_order_tag":"trailing_stop_loss","cost":101.28451983249599}],"funding_fees":0.0,"weekday":4},{"pair":"SOL/USDT","stake_amount":99.9996,"max_stake_amount":99.9996,"amount":0.668,"open_date":"2024-08-23 20:00:00+00:00","close_date":"2024-08-23 20:00:00+00:00","open_rate":149.7,"close_rate":149.68,"fee_open":0.001,"fee_close":0.001,"trade_duration":0,"profit_ratio":-0.002131335598269466,"profit_abs":-0.21334584,"exit_reason":"trailing_stop_loss","initial_stop_loss_abs":137.724,"initial_stop_loss_ratio":-0.08,"stop_loss_abs":152.53920000000002,"stop_loss_ratio":-0.01,"min_rate":149.68,"max_rate":154.08,"is_open":false,"enter_tag":"","leverage":1.0,"is_short":false,"open_timestamp":1724443200000,"close_timestamp":1724443200000,"orders":[{"amount":0.668,"safe_price":149.7,"ft_order_side":"buy","order_filled_timestamp":1724443200000,"ft_is_entry":true,"ft_order_tag":"","cost":100.09959959999999},{"amount":0.668,"safe_price":149.68,"ft_order_side":"sell","order_filled_timestamp":1724443200000,"ft_is_entry":false,"ft_order_tag":"trailing_stop_loss","cost":100.08622624}],"funding_fees":0.0,"weekday":4},{"pair":"ETH/USDT","stake_amount":99.97442,"max_stake_amount":99.97442,"amount":0.0364,"open_date":"2024-08-23 20:00:00+00:00","close_date":"2024-08-24 16:00:00+00:00","open_rate":2746.55,"close_rate":2791.8,"fee_open":0.001,"fee_close":0.001,"trade_duration":1200,"profit_ratio":0.014444294850622789,"profit_abs":1.44550406,"exit_reason":"trailing_stop_loss","initial_stop_loss_abs":2526.8260000000005,"initial_stop_loss_ratio":-0.08,"stop_loss_abs":2791.8,"stop_loss_ratio":-0.01,"min_rate":2723.55,"max_rate":2820.0,"is_open":false,"enter_tag":"","leverage":1.0,"is_short":false,"open_timestamp":1724443200000,"close_timestamp":1724515200000,"orders":[{"amount":0.0364,"safe_price":2746.55,"ft_order_side":"buy","order_filled_timestamp":1724443200000,"ft_is_entry":true,"ft_order_tag":"","cost":100.07439442},{"amount":0.0364,"safe_price":2791.8,"ft_order_side":"sell","order_filled_timestamp":1724515200000,"ft_is_entry":false,"ft_order_tag":"trailing_stop_loss","cost":101.72314152000001}],"funding_fees":0.0,"weekday":5},{"pair":"BNB/USDT","stake_amount":99.8784,"max_stake_amount":99.8784,"amount":0.192,"open_date":"2024-09-09 20:00:00+00:00","close_date":"2024-09-11 16:00:00+00:00","open_rate":520.2,"close_rate":530.0459999999999,"fee_open":0.001,"fee_close":0.001,"trade_duration":2640,"profit_ratio":0.016891516807714908,"profit_abs":1.68878477,"exit_reason":"trailing_stop_loss","initial_stop_loss_abs":478.58400000000006,"initial_stop_loss_ratio":-0.08,"stop_loss_abs":530.0459999999999,"stop_loss_ratio":-0.01,"min_rate":506.5,"max_rate":535.4,"is_open":false,"enter_tag":"","leverage":1.0,"is_short":false,"open_timestamp":1725912000000,"close_timestamp":1726070400000,"orders":[{"amount":0.192,"safe_price":520.2,"ft_order_side":"buy","order_filled_timestamp":1725912000000,"ft_is_entry":true,"ft_order_tag":"","cost":99.97827840000001},{"amount":0.192,"safe_price":530.0459999999999,"ft_order_side":"sell","order_filled_timestamp":1726070400000,"ft_is_entry":false,"ft_order_tag":"trailing_stop_loss","cost":101.87060083199998}],"funding_fees":0.0,"weekday":2},{"pair":"BTC/USDT","stake_amount":99.9066775,"max_stake_amount":99.9066775,"amount":0.00175,"open_date":"2024-09-09 20:00:00+00:00","close_date":"2024-09-12 00:00:00+00:00","open_rate":57089.53,"close_rate":57885.3099,"fee_open":0.001,"fee_close":0.001,"trade_duration":3120,"profit_ratio":0.0119133042069049,"profit_abs":1.19140886,"exit_reason":"trailing_stop_loss","initial_stop_loss_abs":52522.3676,"initial_stop_loss_ratio":-0.08,"stop_loss_abs":57885.3099,"stop_loss_ratio":-0.01,"min_rate":55545.19,"max_rate":58470.01,"is_open":false,"enter_tag":"","leverage":1.0,"is_short":false,"open_timestamp":1725912000000,"close_timestamp":1726099200000,"orders":[{"amount":0.00175,"safe_price":57089.53,"ft_order_side":"buy","order_filled_timestamp":1725912000000,"ft_is_entry":true,"ft_order_tag":"","cost":100.00658417749999},{"amount":0.00175,"safe_price":57885.3099,"ft_order_side":"sell","order_filled_timestamp":1726099200000,"ft_is_entry":false,"ft_order_tag":"trailing_stop_loss","cost":101.40059161732499}],"funding_fees":0.0,"weekday":3},{"pair":"XRP/USDT","stake_amount":99.99561,"max_stake_amount":99.99561,"amount":179.3,"open_date":"2024-09-12 16:00:00+00:00","close_date":"2024-09-13 04:00:00+00:00","open_rate":0.5577,"close_rate":0.5679,"fee_open":0.001,"fee_close":0.001,"trade_duration":720,"profit_ratio":0.016254858643239493,"profit_abs":1.62703992,"exit_reason":"trailing_stop_loss","initial_stop_loss_abs":0.5131,"initial_stop_loss_ratio":-0.08,"stop_loss_abs":0.5679,"stop_loss_ratio":-0.01,"min_rate":0.5546,"max_rate":0.5736,"is_open":false,"enter_tag":"","leverage":1.0,"is_short":false,"open_timestamp":1726156800000,"close_timestamp":1726200000000,"orders":[{"amount":179.3,"safe_price":0.5577,"ft_order_side":"buy","order_filled_timestamp":1726156800000,"ft_is_entry":true,"ft_order_tag":"","cost":100.09560560999999},{"amount":179.3,"safe_price":0.5679,"ft_order_side":"sell","order_filled_timestamp":1726200000000,"ft_is_entry":false,"ft_order_tag":"trailing_stop_loss","cost":101.92629446999999}],"funding_fees":0.0,"weekday":4},{"pair":"ETH/USDT","stake_amount":99.99066,"max_stake_amount":99.99066,"amount":0.042,"open_date":"2024-09-10 20:00:00+00:00","close_date":"2024-09-13 20:00:00+00:00","open_rate":2380.73,"close_rate":2456.989619619619,"fee_open":0.001,"fee_close":0.001,"trade_duration":4320,"profit_ratio":0.02997002997002997,"profit_abs":2.9997198,"exit_reason":"roi","initial_stop_loss_abs":2190.2716,"initial_stop_loss_ratio":-0.08,"stop_loss_abs":2440.1718,"stop_loss_ratio":-0.01,"min_rate":2277.68,"max_rate":2464.82,"is_open":false,"enter_tag":"","leverage":1.0,"is_short":false,"open_timestamp":1725998400000,"close_timestamp":1726257600000,"orders":[{"amount":0.042,"safe_price":2380.73,"ft_order_side":"buy","order_filled_timestamp":1725998400000,"ft_is_entry":true,"ft_order_tag":"","cost":100.09065066},{"amount":0.042,"safe_price":2456.989619619619,"ft_order_side":"sell","order_filled_timestamp":1726257600000,"ft_is_entry":false,"ft_order_tag":"roi","cost":103.29675758804802}],"funding_fees":0.0,"weekday":4},{"pair":"SOL/USDT","stake_amount":99.89115,"max_stake_amount":99.89115,"amount":0.731,"open_date":"2024-09-10 20:00:00+00:00","close_date":"2024-09-13 20:00:00+00:00","open_rate":136.65,"close_rate":138.40200000000002,"fee_open":0.001,"fee_close":0.001,"trade_duration":4320,"profit_ratio":0.01079745722799687,"profit_abs":1.07964899,"exit_reason":"trailing_stop_loss","initial_stop_loss_abs":125.71800000000002,"initial_stop_loss_ratio":-0.08,"stop_loss_abs":138.40200000000002,"stop_loss_ratio":-0.01,"min_rate":128.2,"max_rate":139.8,"is_open":false,"enter_tag":"","leverage":1.0,"is_short":false,"open_timestamp":1725998400000,"close_timestamp":1726257600000,"orders":[{"amount":0.731,"safe_price":136.65,"ft_order_side":"buy","order_filled_timestamp":1725998400000,"ft_is_entry":true,"ft_order_tag":"","cost":99.99104114999999},{"amount":0.731,"safe_price":138.40200000000002,"ft_order_side":"sell","order_filled_timestamp":1726257600000,"ft_is_entry":false,"ft_order_tag":"trailing_stop_loss","cost":101.27303386199999}],"funding_fees":0.0,"weekday":4},{"pair":"BTC/USDT","stake_amount":99.6508487,"max_stake_amount":99.6508487,"amount":0.00163,"open_date":"2024-09-17 16:00:00+00:00","close_date":"2024-09-19 00:00:00+00:00","open_rate":61135.49,"close_rate":61963.6248,"fee_open":0.001,"fee_close":0.001,"trade_duration":1920,"profit_ratio":0.011520826213395912,"profit_abs":1.14920817,"exit_reason":"trailing_stop_loss","initial_stop_loss_abs":56244.6508,"initial_stop_loss_ratio":-0.08,"stop_loss_abs":61963.6248,"stop_loss_ratio":-0.01,"min_rate":59174.8,"max_rate":62589.52,"is_open":false,"enter_tag":"","leverage":1.0,"is_short":false,"open_timestamp":1726588800000,"close_timestamp":1726704000000,"orders":[{"amount":0.00163,"safe_price":61135.49,"ft_order_side":"buy","order_filled_timestamp":1726588800000,"ft_is_entry":true,"ft_order_tag":"","cost":99.75049954869999},{"amount":0.00163,"safe_price":61963.6248,"ft_order_side":"sell","order_filled_timestamp":1726704000000,"ft_is_entry":false,"ft_order_tag":"trailing_stop_loss","cost":101.10170913242399}],"funding_fees":0.0,"weekday":3},{"pair":"SOL/USDT","stake_amount":99.91924,"max_stake_amount":99.91924,"amount":0.724,"open_date":"2024-09-19 04:00:00+00:00","close_date":"2024-09-19 12:00:00+00:00","open_rate":138.01,"close_rate":141.57,"fee_open":0.001,"fee_close":0.001,"trade_duration":480,"profit_ratio":0.023745691306013027,"profit_abs":2.37502408,"exit_reason":"trailing_stop_loss","initial_stop_loss_abs":126.9692,"initial_stop_loss_ratio":-0.08,"stop_loss_abs":141.57,"stop_loss_ratio":-0.01,"min_rate":137.6,"max_rate":143.0,"is_open":false,"enter_tag":"","leverage":1.0,"is_short":false,"open_timestamp":1726718400000,"close_timestamp":1726747200000,"orders":[{"amount":0.724,"safe_price":138.01,"ft_order_side":"buy","order_filled_timestamp":1726718400000,"ft_is_entry":true,"ft_order_tag":"","cost":100.01915923999998},{"amount":0.724,"safe_price":141.57,"ft_order_side":"sell","order_filled_timestamp":1726747200000,"ft_is_entry":false,"ft_order_tag":"trailing_stop_loss","cost":102.59917667999999}],"funding_fees":0.0,"weekday":3},{"pair":"ETH/USDT","stake_amount":99.993504,"max_stake_amount":99.993504,"amount":0.0416,"open_date":"2024-09-19 04:00:00+00:00","close_date":"2024-09-19 16:00:00+00:00","open_rate":2403.69,"close_rate":2470.0004999999996,"fee_open":0.001,"fee_close":0.001,"trade_duration":720,"profit_ratio":0.025533839297581393,"profit_abs":2.55577128,"exit_reason":"trailing_stop_loss","initial_stop_loss_abs":2211.3948,"initial_stop_loss_ratio":-0.08,"stop_loss_abs":2470.0004999999996,"stop_loss_ratio":-0.01,"min_rate":2399.59,"max_rate":2494.95,"is_open":false,"enter_tag":"","leverage":1.0,"is_short":false,"open_timestamp":1726718400000,"close_timestamp":1726761600000,"orders":[{"amount":0.0416,"safe_price":2403.69,"ft_order_side":"buy","order_filled_timestamp":1726718400000,"ft_is_entry":true,"ft_order_tag":"","cost":100.09349750399998},{"amount":0.0416,"safe_price":2470.0004999999996,"ft_order_side":"sell","order_filled_timestamp":1726761600000,"ft_is_entry":false,"ft_order_tag":"trailing_stop_loss","cost":102.85477282079997}],"funding_fees":0.0,"weekday":3},{"pair":"XRP/USDT","stake_amount":99.97666,"max_stake_amount":99.97666,"amount":166.6,"open_date":"2024-09-21 20:00:00+00:00","close_date":"2024-09-28 08:00:00+00:00","open_rate":0.6001,"close_rate":0.6193224224224223,"fee_open":0.001,"fee_close":0.001,"trade_duration":9360,"profit_ratio":0.029970029970029972,"profit_abs":2.9992998,"exit_reason":"roi","initial_stop_loss_abs":0.5521,"initial_stop_loss_ratio":-0.08,"stop_loss_abs":0.6173,"stop_loss_ratio":-0.01,"min_rate":0.5739,"max_rate":0.6235,"is_open":false,"enter_tag":"","leverage":1.0,"is_short":false,"open_timestamp":1726948800000,"close_timestamp":1727510400000,"orders":[{"amount":166.6,"safe_price":0.6001,"ft_order_side":"buy","order_filled_timestamp":1726948800000,"ft_is_entry":true,"ft_order_tag":"","cost":100.07663665999999},{"amount":166.6,"safe_price":0.6193224224224223,"ft_order_side":"sell","order_filled_timestamp":1727510400000,"ft_is_entry":false,"ft_order_tag":"roi","cost":103.28229469115112}],"funding_fees":0.0,"weekday":5},{"pair":"BNB/USDT","stake_amount":99.7716,"max_stake_amount":99.7716,"amount":0.174,"open_date":"2024-10-07 04:00:00+00:00","close_date":"2024-10-08 16:00:00+00:00","open_rate":573.4,"close_rate":580.9319999999999,"fee_open":0.001,"fee_close":0.001,"trade_duration":2160,"profit_ratio":0.011111434760749796,"profit_abs":1.10971423,"exit_reason":"trailing_stop_loss","initial_stop_loss_abs":527.528,"initial_stop_loss_ratio":-0.08,"stop_loss_abs":580.9319999999999,"stop_loss_ratio":-0.01,"min_rate":559.5,"max_rate":586.8,"is_open":false,"enter_tag":"","leverage":1.0,"is_short":false,"open_timestamp":1728273600000,"close_timestamp":1728403200000,"orders":[{"amount":0.174,"safe_price":573.4,"ft_order_side":"buy","order_filled_timestamp":1728273600000,"ft_is_entry":true,"ft_order_tag":"","cost":99.87137159999997},{"amount":0.174,"safe_price":580.9319999999999,"ft_order_side":"sell","order_filled_timestamp":1728403200000,"ft_is_entry":false,"ft_order_tag":"trailing_stop_loss","cost":101.18325016799997}],"funding_fees":0.0,"weekday":1},{"pair":"SOL/USDT","stake_amount":99.8667,"max_stake_amount":99.8667,"amount":0.666,"open_date":"2024-10-07 04:00:00+00:00","close_date":"2024-10-09 12:00:00+00:00","open_rate":149.95,"close_rate":140.208,"fee_open":0.001,"fee_close":0.001,"trade_duration":3360,"profit_ratio":-0.06683651795355697,"profit_abs":-6.68141723,"exit_reason":"trailing_stop_loss","initial_stop_loss_abs":137.954,"initial_stop_loss_ratio":-0.08,"stop_loss_abs":140.208,"stop_loss_ratio":-0.08,"min_rate":140.19,"max_rate":152.4,"is_open":false,"enter_tag":"","leverage":1.0,"is_short":false,"open_timestamp":1728273600000,"close_timestamp":1728475200000,"orders":[{"amount":0.666,"safe_price":149.95,"ft_order_side":"buy","order_filled_timestamp":1728273600000,"ft_is_entry":true,"ft_order_tag":"","cost":99.96656669999999},{"amount":0.666,"safe_price":140.208,"ft_order_side":"sell","order_filled_timestamp":1728475200000,"ft_is_entry":false,"ft_order_tag":"trailing_stop_loss","cost":93.47190652799999}],"funding_fees":0.0,"weekday":2},{"pair":"BTC/USDT","stake_amount":99.7429007,"max_stake_amount":99.7429007,"amount":0.00157,"open_date":"2024-10-07 04:00:00+00:00","close_date":"2024-10-09 20:00:00+00:00","open_rate":63530.51,"close_rate":61031.99,"fee_open":0.001,"fee_close":0.001,"trade_duration":3840,"profit_ratio":-0.04124730056698065,"profit_abs":-4.11823953,"exit_reason":"exit_signal","initial_stop_loss_abs":58448.069200000005,"initial_stop_loss_ratio":-0.08,"stop_loss_abs":59319.9348,"stop_loss_ratio":-0.08,"min_rate":60301.0,"max_rate":64478.19,"is_open":false,"enter_tag":"","leverage":1.0,"is_short":false,"open_timestamp":1728273600000,"close_timestamp":1728504000000,"orders":[{"amount":0.00157,"safe_price":63530.51,"ft_order_side":"buy","order_filled_timestamp":1728273600000,"ft_is_entry":true,"ft_order_tag":"","cost":99.8426436007},{"amount":0.00157,"safe_price":61031.99,"ft_order_side":"sell","order_filled_timestamp":1728504000000,"ft_is_entry":false,"ft_order_tag":"exit_signal","cost":95.91604452429998}],"funding_fees":0.0,"weekday":2},{"pair":"ETH/USDT","stake_amount":99.8136,"max_stake_amount":99.8136,"amount":0.04,"open_date":"2024-10-07 04:00:00+00:00","close_date":"2024-10-10 00:00:00+00:00","open_rate":2495.34,"close_rate":2370.47,"fee_open":0.001,"fee_close":0.001,"trade_duration":4080,"profit_ratio":-0.05193929636690944,"profit_abs":-5.1894324,"exit_reason":"exit_signal","initial_stop_loss_abs":2295.7128000000002,"initial_stop_loss_ratio":-0.08,"stop_loss_abs":2319.32,"stop_loss_ratio":-0.08,"min_rate":2351.42,"max_rate":2521.0,"is_open":false,"enter_tag":"","leverage":1.0,"is_short":false,"open_timestamp":1728273600000,"close_timestamp":1728518400000,"orders":[{"amount":0.04,"safe_price":2495.34,"ft_order_side":"buy","order_filled_timestamp":1728273600000,"ft_is_entry":true,"ft_order_tag":"","cost":99.9134136},{"amount":0.04,"safe_price":2370.47,"ft_order_side":"sell","order_filled_timestamp":1728518400000,"ft_is_entry":false,"ft_order_tag":"exit_signal","cost":94.91361879999998}],"funding_fees":0.0,"weekday":3},{"pair":"BTC/USDT","stake_amount":99.67588,"max_stake_amount":99.67588,"amount":0.00158,"open_date":"2024-10-11 20:00:00+00:00","close_date":"2024-10-14 04:00:00+00:00","open_rate":63086.0,"close_rate":64039.14,"fee_open":0.001,"fee_close":0.001,"trade_duration":3360,"profit_ratio":0.013080392972900569,"profit_abs":1.30510348,"exit_reason":"trailing_stop_loss","initial_stop_loss_abs":58039.12,"initial_stop_loss_ratio":-0.08,"stop_loss_abs":64039.14,"stop_loss_ratio":-0.01,"min_rate":62050.0,"max_rate":64686.0,"is_open":false,"enter_tag":"","leverage":1.0,"is_short":false,"open_timestamp":1728676800000,"close_timestamp":1728878400000,"orders":[{"amount":0.00158,"safe_price":63086.0,"ft_order_side":"buy","order_filled_timestamp":1728676800000,"ft_is_entry":true,"ft_order_tag":"","cost":99.77555588},{"amount":0.00158,"safe_price":64039.14,"ft_order_side":"sell","order_filled_timestamp":1728878400000,"ft_is_entry":false,"ft_order_tag":"trailing_stop_loss","cost":101.28302304119998}],"funding_fees":0.0,"weekday":0},{"pair":"ETH/USDT","stake_amount":99.835956,"max_stake_amount":99.835956,"amount":0.0396,"open_date":"2024-10-14 04:00:00+00:00","close_date":"2024-10-14 12:00:00+00:00","open_rate":2521.11,"close_rate":2616.4512,"fee_open":0.001,"fee_close":0.001,"trade_duration":480,"profit_ratio":0.03574359126080392,"profit_abs":3.5720641,"exit_reason":"trailing_stop_loss","initial_stop_loss_abs":2319.4212,"initial_stop_loss_ratio":-0.08,"stop_loss_abs":2616.4512,"stop_loss_ratio":-0.01,"min_rate":2511.34,"max_rate":2642.88,"is_open":false,"enter_tag":"","leverage":1.0,"is_short":false,"open_timestamp":1728878400000,"close_timestamp":1728907200000,"orders":[{"amount":0.0396,"safe_price":2521.11,"ft_order_side":"buy","order_filled_timestamp":1728878400000,"ft_is_entry":true,"ft_order_tag":"","cost":99.935791956},{"amount":0.0396,"safe_price":2616.4512,"ft_order_side":"sell","order_filled_timestamp":1728907200000,"ft_is_entry":false,"ft_order_tag":"trailing_stop_loss","cost":103.71507898751999}],"funding_fees":0.0,"weekday":0},{"pair":"XRP/USDT","stake_amount":99.9544,"max_stake_amount":99.9544,"amount":182.0,"open_date":"2024-10-14 16:00:00+00:00","close_date":"2024-10-17 04:00:00+00:00","open_rate":0.5492,"close_rate":0.561,"fee_open":0.001,"fee_close":0.001,"trade_duration":3600,"profit_ratio":0.019444866859287837,"profit_abs":1.9455436,"exit_reason":"trailing_stop_loss","initial_stop_loss_abs":0.5053,"initial_stop_loss_ratio":-0.08,"stop_loss_abs":0.561,"stop_loss_ratio":-0.01,"min_rate":0.5315,"max_rate":0.5666,"is_open":false,"enter_tag":"","leverage":1.0,"is_short":false,"open_timestamp":1728921600000,"close_timestamp":1729137600000,"orders":[{"amount":182.0,"safe_price":0.5492,"ft_order_side":"buy","order_filled_timestamp":1728921600000,"ft_is_entry":true,"ft_order_tag":"","cost":100.0543544},{"amount":182.0,"safe_price":0.561,"ft_order_side":"sell","order_filled_timestamp":1729137600000,"ft_is_entry":false,"ft_order_tag":"trailing_stop_loss","cost":102.20410199999999}],"funding_fees":0.0,"weekday":3},{"pair":"ETH/USDT","stake_amount":99.876825,"max_stake_amount":99.876825,"amount":0.0383,"open_date":"2024-10-29 04:00:00+00:00","close_date":"2024-10-29 16:00:00+00:00","open_rate":2607.75,"close_rate":2655.0414,"fee_open":0.001,"fee_close":0.001,"trade_duration":720,"profit_ratio":0.01610070827118926,"profit_abs":1.60969571,"exit_reason":"trailing_stop_loss","initial_stop_loss_abs":2399.13,"initial_stop_loss_ratio":-0.08,"stop_loss_abs":2655.0414,"stop_loss_ratio":-0.01,"min_rate":2607.75,"max_rate":2681.86,"is_open":false,"enter_tag":"","leverage":1.0,"is_short":false,"open_timestamp":1730174400000,"close_timestamp":1730217600000,"orders":[{"amount":0.0383,"safe_price":2607.75,"ft_order_side":"buy","order_filled_timestamp":1730174400000,"ft_is_entry":true,"ft_order_tag":"","cost":99.97670182499999},{"amount":0.0383,"safe_price":2655.0414,"ft_order_side":"sell","order_filled_timestamp":1730217600000,"ft_is_entry":false,"ft_order_tag":"trailing_stop_loss","cost":101.78977370562}],"funding_fees":0.0,"weekday":1},{"pair":"BNB/USDT","stake_amount":99.7826,"max_stake_amount":99.7826,"amount":0.166,"open_date":"2024-10-29 00:00:00+00:00","close_date":"2024-10-31 08:00:00+00:00","open_rate":601.1,"close_rate":587.7,"fee_open":0.001,"fee_close":0.001,"trade_duration":3360,"profit_ratio":-0.024245925427093286,"profit_abs":-2.4217408,"exit_reason":"exit_signal","initial_stop_loss_abs":553.0120000000001,"initial_stop_loss_ratio":-0.08,"stop_loss_abs":563.224,"stop_loss_ratio":-0.08,"min_rate":581.4,"max_rate":612.2,"is_open":false,"enter_tag":"","leverage":1.0,"is_short":false,"open_timestamp":1730160000000,"close_timestamp":1730361600000,"orders":[{"amount":0.166,"safe_price":601.1,"ft_order_side":"buy","order_filled_timestamp":1730160000000,"ft_is_entry":true,"ft_order_tag":"","cost":99.88238259999999},{"amount":0.166,"safe_price":587.7,"ft_order_side":"sell","order_filled_timestamp":1730361600000,"ft_is_entry":false,"ft_order_tag":"exit_signal","cost":97.65575820000001}],"funding_fees":0.0,"weekday":3},{"pair":"SOL/USDT","stake_amount":99.9955,"max_stake_amount":99.9955,"amount":0.55,"open_date":"2024-10-29 04:00:00+00:00","close_date":"2024-10-31 16:00:00+00:00","open_rate":181.81,"close_rate":168.7096,"fee_open":0.001,"fee_close":0.001,"trade_duration":3600,"profit_ratio":-0.07390947757484252,"profit_abs":-7.39800578,"exit_reason":"trailing_stop_loss","initial_stop_loss_abs":167.26520000000002,"initial_stop_loss_ratio":-0.08,"stop_loss_abs":168.7096,"stop_loss_ratio":-0.08,"min_rate":168.53,"max_rate":183.38,"is_open":false,"enter_tag":"","leverage":1.0,"is_short":false,"open_timestamp":1730174400000,"close_timestamp":1730390400000,"orders":[{"amount":0.55,"safe_price":181.81,"ft_order_side":"buy","order_filled_timestamp":1730174400000,"ft_is_entry":true,"ft_order_tag":"","cost":100.0954955},{"amount":0.55,"safe_price":168.7096,"ft_order_side":"sell","order_filled_timestamp":1730390400000,"ft_is_entry":false,"ft_order_tag":"trailing_stop_loss","cost":92.88307028}],"funding_fees":0.0,"weekday":3},{"pair":"ETH/USDT","stake_amount":99.819297,"max_stake_amount":99.819297,"amount":0.0387,"open_date":"2024-11-06 04:00:00+00:00","close_date":"2024-11-06 04:00:00+00:00","open_rate":2579.31,"close_rate":2561.0,"fee_open":0.001,"fee_close":0.001,"trade_duration":0,"profit_ratio":-0.00908261635643837,"profit_abs":-0.907527,"exit_reason":"trailing_stop_loss","initial_stop_loss_abs":2372.9652,"initial_stop_loss_ratio":-0.08,"stop_loss_abs":2616.7679999999996,"stop_loss_ratio":-0.01,"min_rate":2561.0,"max_rate":2643.2,"is_open":false,"enter_tag":"","leverage":1.0,"is_short":false,"open_timestamp":1730865600000,"close_timestamp":1730865600000,"orders":[{"amount":0.0387,"safe_price":2579.31,"ft_order_side":"buy","order_filled_timestamp":1730865600000,"ft_is_entry":true,"ft_order_tag":"","cost":99.91911629699997},{"amount":0.0387,"safe_price":2561.0,"ft_order_side":"sell","order_filled_timestamp":1730865600000,"ft_is_entry":false,"ft_order_tag":"trailing_stop_loss","cost":99.20981069999998}],"funding_fees":0.0,"weekday":2},{"pair":"BTC/USDT","stake_amount":99.6270302,"max_stake_amount":99.6270302,"amount":0.00134,"open_date":"2024-11-06 04:00:00+00:00","close_date":"2024-11-06 20:00:00+00:00","open_rate":74348.53,"close_rate":75636.0,"fee_open":0.001,"fee_close":0.001,"trade_duration":960,"profit_ratio":0.01528408323645707,"profit_abs":1.52423053,"exit_reason":"trailing_stop_loss","initial_stop_loss_abs":68400.6476,"initial_stop_loss_ratio":-0.08,"stop_loss_abs":75636.0,"stop_loss_ratio":-0.01,"min_rate":72656.31,"max_rate":76400.0,"is_open":false,"enter_tag":"","leverage":1.0,"is_short":false,"open_timestamp":1730865600000,"close_timestamp":1730923200000,"orders":[{"amount":0.00134,"safe_price":74348.53,"ft_order_side":"buy","order_filled_timestamp":1730865600000,"ft_is_entry":true,"ft_order_tag":"","cost":99.72665723019999},{"amount":0.00134,"safe_price":75636.0,"ft_order_side":"sell","order_filled_timestamp":1730923200000,"ft_is_entry":false,"ft_order_tag":"trailing_stop_loss","cost":101.45359223999999}],"funding_fees":0.0,"weekday":2},{"pair":"BNB/USDT","stake_amount":99.4536,"max_stake_amount":99.4536,"amount":0.171,"open_date":"2024-11-06 04:00:00+00:00","close_date":"2024-11-06 20:00:00+00:00","open_rate":581.6,"close_rate":589.05,"fee_open":0.001,"fee_close":0.001,"trade_duration":960,"profit_ratio":0.010785895672415618,"profit_abs":1.07376885,"exit_reason":"trailing_stop_loss","initial_stop_loss_abs":535.072,"initial_stop_loss_ratio":-0.08,"stop_loss_abs":589.05,"stop_loss_ratio":-0.01,"min_rate":575.0,"max_rate":595.0,"is_open":false,"enter_tag":"","leverage":1.0,"is_short":false,"open_timestamp":1730865600000,"close_timestamp":1730923200000,"orders":[{"amount":0.171,"safe_price":581.6,"ft_order_side":"buy","order_filled_timestamp":1730865600000,"ft_is_entry":true,"ft_order_tag":"","cost":99.5530536},{"amount":0.171,"safe_price":589.05,"ft_order_side":"sell","order_filled_timestamp":1730923200000,"ft_is_entry":false,"ft_order_tag":"trailing_stop_loss","cost":100.82827754999998}],"funding_fees":0.0,"weekday":2},{"pair":"SOL/USDT","stake_amount":99.8676,"max_stake_amount":99.8676,"amount":0.54,"open_date":"2024-11-06 04:00:00+00:00","close_date":"2024-11-06 20:00:00+00:00","open_rate":184.94,"close_rate":188.10989999999998,"fee_open":0.001,"fee_close":0.001,"trade_duration":960,"profit_ratio":0.015107905464237247,"profit_abs":1.51029905,"exit_reason":"trailing_stop_loss","initial_stop_loss_abs":170.1448,"initial_stop_loss_ratio":-0.08,"stop_loss_abs":188.10989999999998,"stop_loss_ratio":-0.01,"min_rate":180.11,"max_rate":190.01,"is_open":false,"enter_tag":"","leverage":1.0,"is_short":false,"open_timestamp":1730865600000,"close_timestamp":1730923200000,"orders":[{"amount":0.54,"safe_price":184.94,"ft_order_side":"buy","order_filled_timestamp":1730865600000,"ft_is_entry":true,"ft_order_tag":"","cost":99.9674676},{"amount":0.54,"safe_price":188.10989999999998,"ft_order_side":"sell","order_filled_timestamp":1730923200000,"ft_is_entry":false,"ft_order_tag":"trailing_stop_loss","cost":101.680925346}],"funding_fees":0.0,"weekday":2},{"pair":"XRP/USDT","stake_amount":99.9648,"max_stake_amount":99.9648,"amount":187.2,"open_date":"2024-11-06 04:00:00+00:00","close_date":"2024-11-06 20:00:00+00:00","open_rate":0.534,"close_rate":0.5415,"fee_open":0.001,"fee_close":0.001,"trade_duration":960,"profit_ratio":0.012018879996408086,"profit_abs":1.2026664,"exit_reason":"trailing_stop_loss","initial_stop_loss_abs":0.4913,"initial_stop_loss_ratio":-0.08,"stop_loss_abs":0.5415,"stop_loss_ratio":-0.01,"min_rate":0.5264,"max_rate":0.5469,"is_open":false,"enter_tag":"","leverage":1.0,"is_short":false,"open_timestamp":1730865600000,"close_timestamp":1730923200000,"orders":[{"amount":187.2,"safe_price":0.534,"ft_order_side":"buy","order_filled_timestamp":1730865600000,"ft_is_entry":true,"ft_order_tag":"","cost":100.06476479999999},{"amount":187.2,"safe_price":0.5415,"ft_order_side":"sell","order_filled_timestamp":1730923200000,"ft_is_entry":false,"ft_order_tag":"trailing_stop_loss","cost":101.47016879999998}],"funding_fees":0.0,"weekday":2},{"pair":"ETH/USDT","stake_amount":99.949415,"max_stake_amount":99.949415,"amount":0.0305,"open_date":"2024-11-21 16:00:00+00:00","close_date":"2024-11-21 16:00:00+00:00","open_rate":3277.03,"close_rate":3277.03,"fee_open":0.001,"fee_close":0.001,"trade_duration":0,"profit_ratio":-0.001998001998001998,"profit_abs":-0.19989883,"exit_reason":"trailing_stop_loss","initial_stop_loss_abs":3014.8676000000005,"initial_stop_loss_ratio":-0.08,"stop_loss_abs":3352.8627,"stop_loss_ratio":-0.01,"min_rate":3277.03,"max_rate":3386.73,"is_open":false,"enter_tag":"","leverage":1.0,"is_short":false,"open_timestamp":1732204800000,"close_timestamp":1732204800000,"orders":[{"amount":0.0305,"safe_price":3277.03,"ft_order_side":"buy","order_filled_timestamp":1732204800000,"ft_is_entry":true,"ft_order_tag":"","cost":100.04936441499999},{"amount":0.0305,"safe_price":3277.03,"ft_order_side":"sell","order_filled_timestamp":1732204800000,"ft_is_entry":false,"ft_order_tag":"trailing_stop_loss","cost":100.04936441499999}],"funding_fees":0.0,"weekday":3},{"pair":"BNB/USDT","stake_amount":99.60548,"max_stake_amount":99.60548,"amount":0.148,"open_date":"2024-11-30 08:00:00+00:00","close_date":"2024-12-03 16:00:00+00:00","open_rate":673.01,"close_rate":694.5678778778778,"fee_open":0.001,"fee_close":0.001,"trade_duration":4800,"profit_ratio":0.029970029970029972,"profit_abs":2.9881644,"exit_reason":"roi","initial_stop_loss_abs":619.1692,"initial_stop_loss_ratio":-0.08,"stop_loss_abs":687.9114,"stop_loss_ratio":-0.01,"min_rate":622.85,"max_rate":694.86,"is_open":false,"enter_tag":"","leverage":1.0,"is_short":false,"open_timestamp":1732953600000,"close_timestamp":1733241600000,"orders":[{"amount":0.148,"safe_price":673.01,"ft_order_side":"buy","order_filled_timestamp":1732953600000,"ft_is_entry":true,"ft_order_tag":"","cost":99.70508548},{"amount":0.148,"safe_price":694.5678778778778,"ft_order_side":"sell","order_filled_timestamp":1733241600000,"ft_is_entry":false,"ft_order_tag":"roi","cost":102.89884197185182}],"funding_fees":0.0,"weekday":1},{"pair":"BTC/USDT","stake_amount":99.1002558,"max_stake_amount":99.1002558,"amount":0.00098,"open_date":"2024-12-11 20:00:00+00:00","close_date":"2024-12-15 20:00:00+00:00","open_rate":101122.71,"close_rate":104361.87588588588,"fee_open":0.001,"fee_close":0.001,"trade_duration":5760,"profit_ratio":0.02997002992970713,"profit_abs":2.97300767,"exit_reason":"roi","initial_stop_loss_abs":93032.8932,"initial_stop_loss_ratio":-0.08,"stop_loss_abs":104197.5,"stop_loss_ratio":-0.01,"min_rate":99205.0,"max_rate":105250.0,"is_open":false,"enter_tag":"","leverage":1.0,"is_short":false,"open_timestamp":1733947200000,"close_timestamp":1734292800000,"orders":[{"amount":0.00098,"safe_price":101122.71,"ft_order_side":"buy","order_filled_timestamp":1733947200000,"ft_is_entry":true,"ft_order_tag":"","cost":99.19935605579998},{"amount":0.00098,"safe_price":104361.87588588588,"ft_order_side":"sell","order_filled_timestamp":1734292800000,"ft_is_entry":false,"ft_order_tag":"roi","cost":102.37691300653631}],"funding_fees":0.0,"weekday":6}],"locks":[],"best_pair":{"key":"XRP/USDT","trades":7,"profit_mean":0.006493587612827566,"profit_mean_pct":0.65,"profit_total_abs":4.54918446,"profit_total":0.00227459223,"profit_total_pct":0.23,"duration_avg":"1 day, 21:43:00","wins":5,"draws":0,"losses":2,"winrate":0.7142857142857143,"cagr":0.003900938132981535,"expectancy":0.6498834942857146,"expectancy_ratio":0.20879338645708145,"sortino":0.2131672245489244,"sharpe":0.15325568733877762,"calmar":8.117352176685294,"sqn":0.5979,"profit_factor":1.7307768525997846,"max_drawdown_account":0.0025133674800000565,"max_drawdown_abs":5.02673496},"worst_pair":{"key":"SOL/USDT","trades":7,"profit_mean":-0.011526261881763146,"profit_mean_pct":-1.15,"profit_total_abs":-8.07303331,"profit_total":-0.004036516655,"profit_total_pct":-0.4,"duration_avg":"1 day, 6:51:00","wins":4,"draws":0,"losses":3,"winrate":0.5714285714285714,"cagr":-0.006907069412751765,"expectancy":-1.1532904728571427,"expectancy_ratio":-0.2420714596928102,"sortino":-0.22409544129646533,"sharpe":-0.19084903521458527,"calmar":-5.1545877086060345,"sqn":-0.7446,"profit_factor":0.4351665940501095,"max_drawdown_account":0.007023921411308155,"max_drawdown_abs":14.07942301},"results_per_pair":[{"key":"XRP/USDT","trades":7,"profit_mean":0.006493587612827566,"profit_mean_pct":0.65,"profit_total_abs":4.54918446,"profit_total":0.00227459223,"profit_total_pct":0.23,"duration_avg":"1 day, 21:43:00","wins":5,"draws":0,"losses":2,"winrate":0.7142857142857143,"cagr":0.003900938132981535,"expectancy":0.6498834942857146,"expectancy_ratio":0.20879338645708145,"sortino":0.2131672245489244,"sharpe":0.15325568733877762,"calmar":8.117352176685294,"sqn":0.5979,"profit_factor":1.7307768525997846,"max_drawdown_account":0.0025133674800000565,"max_drawdown_abs":5.02673496},{"key":"BTC/USDT","trades":12,"profit_mean":0.0030655656812236614,"profit_mean_pct":0.31,"profit_total_abs":3.6530690899999994,"profit_total":0.0018265345449999997,"profit_total_pct":0.18,"duration_avg":"2 days, 4:20:00","wins":9,"draws":0,"losses":3,"winrate":0.75,"cagr":0.0031320165542698675,"expectancy":0.30442242416666687,"expectancy_ratio":0.06830209968986245,"sortino":0.2477451453600221,"sharpe":0.11209946490146722,"calmar":3.5412245444710826,"sqn":0.3454,"profit_factor":1.2732083987594494,"max_drawdown_account":0.00462637948500003,"max_drawdown_abs":9.25275897},{"key":"ETH/USDT","trades":12,"profit_mean":0.003023318126617437,"profit_mean_pct":0.3,"profit_total_abs":3.6369657799999993,"profit_total":0.0018184828899999997,"profit_total_pct":0.18,"duration_avg":"1 day, 18:40:00","wins":7,"draws":0,"losses":5,"winrate":0.5833333333333334,"cagr":0.0031182011774504304,"expectancy":0.30308048166666657,"expectancy_ratio":0.11816470508018684,"sortino":0.1794712993032493,"sharpe":0.11788739191364475,"calmar":6.301107054779569,"sqn":0.3633,"profit_factor":1.2835952921924485,"max_drawdown_account":0.0025885656848398555,"max_drawdown_abs":5.1894324},{"key":"BNB/USDT","trades":8,"profit_mean":0.0006124601747837292,"profit_mean_pct":0.06,"profit_total_abs":0.49387945000000055,"profit_total":0.0002469397250000003,"profit_total_pct":0.02,"duration_avg":"1 day, 17:30:00","wins":5,"draws":0,"losses":3,"winrate":0.625,"cagr":0.0004231969063464014,"expectancy":0.06173493125000018,"expectancy_ratio":0.01980154042909077,"sortino":0.08995330561454778,"sharpe":0.01722003762186437,"calmar":0.640059798149545,"sqn":0.0635,"profit_factor":1.0528041078109092,"max_drawdown_account":0.003460487132779735,"max_drawdown_abs":6.931309},{"key":"SOL/USDT","trades":7,"profit_mean":-0.011526261881763146,"profit_mean_pct":-1.15,"profit_total_abs":-8.07303331,"profit_total":-0.004036516655,"profit_total_pct":-0.4,"duration_avg":"1 day, 6:51:00","wins":4,"draws":0,"losses":3,"winrate":0.5714285714285714,"cagr":-0.006907069412751765,"expectancy":-1.1532904728571427,"expectancy_ratio":-0.2420714596928102,"sortino":-0.22409544129646533,"sharpe":-0.19084903521458527,"calmar":-5.1545877086060345,"sqn":-0.7446,"profit_factor":0.4351665940501095,"max_drawdown_account":0.007023921411308155,"max_drawdown_abs":14.07942301},{"key":"TOTAL","trades":46,"profit_mean":0.0009290775480394338,"profit_mean_pct":0.09,"profit_total_abs":4.260065470000001,"profit_total":0.0021300327350000006,"profit_total_pct":0.21,"duration_avg":"1 day, 19:39:00","wins":30,"draws":0,"losses":16,"winrate":0.6521739130434783,"cagr":0.0036528296167666063,"expectancy":0.0926101189130435,"expectancy_ratio":0.026428675973560134,"sortino":0.17791771583445515,"sharpe":0.1276989036907972,"calmar":1.9791807175194855,"sqn":0.2076,"profit_factor":1.0759824434239853,"max_drawdown_account":0.009653118899682811,"max_drawdown_abs":19.33506681}],"results_per_enter_tag":[{"key":"","trades":46,"profit_mean":0.0009290775480394338,"profit_mean_pct":0.09,"profit_total_abs":4.260065470000001,"profit_total":0.0021300327350000006,"profit_total_pct":0.21,"duration_avg":"1 day, 19:39:00","wins":30,"draws":0,"losses":16,"winrate":0.6521739130434783,"cagr":0.0036528296167666063,"expectancy":0.0926101189130435,"expectancy_ratio":0.026428675973560134,"sortino":0.17791771583445515,"sharpe":0.1276989036907972,"calmar":1.9791807175194855,"sqn":0.2076,"profit_factor":1.0759824434239853,"max_drawdown_account":0.009653118899682811,"max_drawdown_abs":19.33506681},{"key":"TOTAL","trades":46,"profit_mean":0.0009290775480394338,"profit_mean_pct":0.09,"profit_total_abs":4.260065470000001,"profit_total":0.0021300327350000006,"profit_total_pct":0.21,"duration_avg":"1 day, 19:39:00","wins":30,"draws":0,"losses":16,"winrate":0.6521739130434783,"cagr":0.0036528296167666063,"expectancy":0.0926101189130435,"expectancy_ratio":0.026428675973560134,"sortino":0.17791771583445515,"sharpe":0.1276989036907972,"calmar":1.9791807175194855,"sqn":0.2076,"profit_factor":1.0759824434239853,"max_drawdown_account":0.009653118899682811,"max_drawdown_abs":19.33506681}],"exit_reason_summary":[{"key":"roi","trades":8,"profit_mean":0.029970029964989615,"profit_mean_pct":3.0,"profit_total_abs":23.93500529,"profit_total":0.011967502645,"profit_total_pct":1.2,"duration_avg":"2 days, 18:30:00","wins":8,"draws":0,"losses":0,"winrate":1.0,"cagr":0.020595162457045513,"expectancy":2.99187566125,"expectancy_ratio":100.0,"sortino":-100,"sharpe":247.54455344755885,"calmar":-100,"sqn":912.7368,"profit_factor":0.0,"max_drawdown_account":0.0,"max_drawdown_abs":0.0},{"key":"trailing_stop_loss","trades":28,"profit_mean":0.007079764540341677,"profit_mean_pct":0.71,"profit_total_abs":19.7929104,"profit_total":0.0098964552,"profit_total_pct":0.99,"duration_avg":"1 day, 7:17:00","wins":22,"draws":0,"losses":6,"winrate":0.7857142857142857,"cagr":0.017018541332634918,"expectancy":0.7068896571428572,"expectancy_ratio":0.2555239193544505,"sortino":0.582159648867087,"sharpe":0.7471064085018826,"calmar":21.620820344585795,"sqn":1.5458,"profit_factor":2.192444956987437,"max_drawdown_account":0.004105578153224936,"max_drawdown_abs":8.30553278},{"key":"exit_signal","trades":10,"profit_mean":-0.039525607963966994,"profit_mean_pct":-3.95,"profit_total_abs":-39.46785022,"profit_total":-0.01973392511,"profit_total_pct":-1.97,"duration_avg":"2 days, 12:00:00","wins":0,"draws":0,"losses":10,"winrate":0.0,"cagr":-0.03357779099455005,"expectancy":-3.9467850220000003,"expectancy_ratio":-1.0,"sortino":-3.1319670369174606,"sharpe":-3.1319670369174606,"calmar":-8.969470973963768,"sqn":-10.4754,"profit_factor":0.0,"max_drawdown_account":0.019733925109999974,"max_drawdown_abs":39.46785022},{"key":"TOTAL","trades":46,"profit_mean":0.0009290775480394338,"profit_mean_pct":0.09,"profit_total_abs":4.260065470000001,"profit_total":0.0021300327350000006,"profit_total_pct":0.21,"duration_avg":"1 day, 19:39:00","wins":30,"draws":0,"losses":16,"winrate":0.6521739130434783,"cagr":0.0036528296167666063,"expectancy":0.0926101189130435,"expectancy_ratio":0.026428675973560134,"sortino":0.17791771583445515,"sharpe":0.1276989036907972,"calmar":1.9791807175194855,"sqn":0.2076,"profit_factor":1.0759824434239853,"max_drawdown_account":0.009653118899682811,"max_drawdown_abs":19.33506681}],"mix_tag_stats":[{"key":["","roi"],"trades":8,"profit_mean":0.029970029964989615,"profit_mean_pct":3.0,"profit_total_abs":23.93500529,"profit_total":0.011967502645,"profit_total_pct":1.2,"duration_avg":"2 days, 18:30:00","wins":8,"draws":0,"losses":0,"winrate":1.0,"cagr":0.020595162457045513,"expectancy":2.99187566125,"expectancy_ratio":100.0,"sortino":-100,"sharpe":247.54455344755885,"calmar":-100,"sqn":912.7368,"profit_factor":0.0,"max_drawdown_account":0.0,"max_drawdown_abs":0.0},{"key":["","trailing_stop_loss"],"trades":28,"profit_mean":0.007079764540341677,"profit_mean_pct":0.71,"profit_total_abs":19.7929104,"profit_total":0.0098964552,"profit_total_pct":0.99,"duration_avg":"1 day, 7:17:00","wins":22,"draws":0,"losses":6,"winrate":0.7857142857142857,"cagr":0.017018541332634918,"expectancy":0.7068896571428572,"expectancy_ratio":0.2555239193544505,"sortino":0.582159648867087,"sharpe":0.7471064085018826,"calmar":21.620820344585795,"sqn":1.5458,"profit_factor":2.192444956987437,"max_drawdown_account":0.004105578153224936,"max_drawdown_abs":8.30553278},{"key":["","exit_signal"],"trades":10,"profit_mean":-0.039525607963966994,"profit_mean_pct":-3.95,"profit_total_abs":-39.46785022,"profit_total":-0.01973392511,"profit_total_pct":-1.97,"duration_avg":"2 days, 12:00:00","wins":0,"draws":0,"losses":10,"winrate":0.0,"cagr":-0.03357779099455005,"expectancy":-3.9467850220000003,"expectancy_ratio":-1.0,"sortino":-3.1319670369174606,"sharpe":-3.1319670369174606,"calmar":-8.969470973963768,"sqn":-10.4754,"profit_factor":0.0,"max_drawdown_account":0.019733925109999974,"max_drawdown_abs":39.46785022},{"key":"TOTAL","trades":46,"profit_mean":0.0009290775480394338,"profit_mean_pct":0.09,"profit_total_abs":4.260065470000001,"profit_total":0.0021300327350000006,"profit_total_pct":0.21,"duration_avg":"1 day, 19:39:00","wins":30,"draws":0,"losses":16,"winrate":0.6521739130434783,"cagr":0.0036528296167666063,"expectancy":0.0926101189130435,"expectancy_ratio":0.026428675973560134,"sortino":0.17791771583445515,"sharpe":0.1276989036907972,"calmar":1.9791807175194855,"sqn":0.2076,"profit_factor":1.0759824434239853,"max_drawdown_account":0.009653118899682811,"max_drawdown_abs":19.33506681}],"left_open_trades":[{"key":"TOTAL","trades":0,"profit_mean":0.0,"profit_mean_pct":0.0,"profit_total_abs":0.0,"profit_total":0.0,"profit_total_pct":0.0,"duration_avg":"0:00","wins":0,"draws":0,"losses":0,"winrate":0.0,"cagr":0.0,"expectancy":0.0,"expectancy_ratio":100.0,"sortino":0,"sharpe":0,"calmar":0,"sqn":0.0,"profit_factor":0.0,"max_drawdown_account":0.0,"max_drawdown_abs":0.0}],"total_trades":46,"trade_count_long":46,"trade_count_short":0,"total_volume":9204.184632557055,"avg_stake_amount":99.79928899782608,"profit_mean":0.0009290775480394338,"profit_median":0.012280661976243935,"profit_total":0.0021300327350000006,"profit_total_long":0.0021300327350000006,"profit_total_short":0.0,"profit_total_abs":4.260065470000001,"profit_total_long_abs":4.260065470000001,"profit_total_short_abs":0.0,"cagr":0.0036528296167666063,"expectancy":0.0926101189130435,"expectancy_ratio":0.026428675973560134,"sortino":0.17791771583445515,"sharpe":0.1276989036907972,"calmar":1.9791807175194855,"sqn":0.2076,"profit_factor":1.0759824434239853,"backtest_start":"2024-06-01 00:00:00","backtest_start_ts":1717200000000,"backtest_end":"2024-12-31 00:00:00","backtest_end_ts":1735603200000,"backtest_days":213,"backtest_run_start_ts":1767375026,"backtest_run_end_ts":1767375028,"trades_per_day":0.22,"market_change":0.693406280471054,"pairlist":["BTC/USDT","BNB/USDT","ETH/USDT","SOL/USDT","XRP/USDT"],"stake_amount":100,"stake_currency":"USDT","stake_currency_decimals":3,"starting_balance":2000,"dry_run_wallet":2000,"final_balance":2004.26006547,"rejected_signals":0,"timedout_entry_orders":0,"timedout_exit_orders":0,"canceled_trade_entries":0,"canceled_entry_orders":0,"replaced_entry_orders":0,"max_open_trades":5,"max_open_trades_setting":5,"timeframe":"4h","timeframe_detail":"","timerange":"20240601-20241231","enable_protections":false,"strategy_name":"EPAAlphaTrend","freqaimodel":null,"freqai_identifier":null,"stoploss":-0.08,"trailing_stop":true,"trailing_stop_positive":0.03,"trailing_stop_positive_offset":0.05,"trailing_only_offset_is_reached":true,"use_custom_stoploss":true,"minimal_roi":{"0":0.1,"360":0.07,"720":0.05,"1440":0.03},"use_exit_signal":true,"exit_profit_only":false,"exit_profit_offset":0.0,"ignore_roi_if_entry_signal":false,"trading_mode":"spot","margin_mode":"","periodic_breakdown":{"day":[{"date":"04/06/2024","date_ts":1717459200000,"profit_abs":2.986497,"wins":1,"draws":0,"losses":0,"trades":1,"profit_factor":0.0},{"date":"05/06/2024","date_ts":1717545600000,"profit_abs":0.0,"wins":0,"draws":0,"losses":0,"trades":0,"profit_factor":0.0},{"date":"06/06/2024","date_ts":1717632000000,"profit_abs":0.0,"wins":0,"draws":0,"losses":0,"trades":0,"profit_factor":0.0},{"date":"07/06/2024","date_ts":1717718400000,"profit_abs":0.0,"wins":0,"draws":0,"losses":0,"trades":0,"profit_factor":0.0},{"date":"08/06/2024","date_ts":1717804800000,"profit_abs":0.0,"wins":0,"draws":0,"losses":0,"trades":0,"profit_factor":0.0},{"date":"09/06/2024","date_ts":1717891200000,"profit_abs":0.0,"wins":0,"draws":0,"losses":0,"trades":0,"profit_factor":0.0},{"date":"10/06/2024","date_ts":1717977600000,"profit_abs":0.0,"wins":0,"draws":0,"losses":0,"trades":0,"profit_factor":0.0},{"date":"11/06/2024","date_ts":1718064000000,"profit_abs":0.0,"wins":0,"draws":0,"losses":0,"trades":0,"profit_factor":0.0},{"date":"12/06/2024","date_ts":1718150400000,"profit_abs":0.0,"wins":0,"draws":0,"losses":0,"trades":0,"profit_factor":0.0},{"date":"13/06/2024","date_ts":1718236800000,"profit_abs":0.0,"wins":0,"draws":0,"losses":0,"trades":0,"profit_factor":0.0},{"date":"14/06/2024","date_ts":1718323200000,"profit_abs":-6.21940465,"wins":0,"draws":0,"losses":1,"trades":1,"profit_factor":0.0},{"date":"15/06/2024","date_ts":1718409600000,"profit_abs":0.0,"wins":0,"draws":0,"losses":0,"trades":0,"profit_factor":0.0},{"date":"16/06/2024","date_ts":1718496000000,"profit_abs":0.0,"wins":0,"draws":0,"losses":0,"trades":0,"profit_factor":0.0},{"date":"17/06/2024","date_ts":1718582400000,"profit_abs":0.0,"wins":0,"draws":0,"losses":0,"trades":0,"profit_factor":0.0},{"date":"18/06/2024","date_ts":1718668800000,"profit_abs":0.0,"wins":0,"draws":0,"losses":0,"trades":0,"profit_factor":0.0},{"date":"19/06/2024","date_ts":1718755200000,"profit_abs":0.0,"wins":0,"draws":0,"losses":0,"trades":0,"profit_factor":0.0},{"date":"20/06/2024","date_ts":1718841600000,"profit_abs":0.0,"wins":0,"draws":0,"losses":0,"trades":0,"profit_factor":0.0},{"date":"21/06/2024","date_ts":1718928000000,"profit_abs":0.0,"wins":0,"draws":0,"losses":0,"trades":0,"profit_factor":0.0},{"date":"22/06/2024","date_ts":1719014400000,"profit_abs":0.0,"wins":0,"draws":0,"losses":0,"trades":0,"profit_factor":0.0},{"date":"23/06/2024","date_ts":1719100800000,"profit_abs":0.0,"wins":0,"draws":0,"losses":0,"trades":0,"profit_factor":0.0},{"date":"24/06/2024","date_ts":1719187200000,"profit_abs":0.0,"wins":0,"draws":0,"losses":0,"trades":0,"profit_factor":0.0},{"date":"25/06/2024","date_ts":1719273600000,"profit_abs":1.25476342,"wins":1,"draws":0,"losses":0,"trades":1,"profit_factor":0.0},{"date":"26/06/2024","date_ts":1719360000000,"profit_abs":0.0,"wins":0,"draws":0,"losses":0,"trades":0,"profit_factor":0.0},{"date":"27/06/2024","date_ts":1719446400000,"profit_abs":0.0,"wins":0,"draws":0,"losses":0,"trades":0,"profit_factor":0.0},{"date":"28/06/2024","date_ts":1719532800000,"profit_abs":0.0,"wins":0,"draws":0,"losses":0,"trades":0,"profit_factor":0.0},{"date":"29/06/2024","date_ts":1719619200000,"profit_abs":0.0,"wins":0,"draws":0,"losses":0,"trades":0,"profit_factor":0.0},{"date":"30/06/2024","date_ts":1719705600000,"profit_abs":0.0,"wins":0,"draws":0,"losses":0,"trades":0,"profit_factor":0.0},{"date":"01/07/2024","date_ts":1719792000000,"profit_abs":0.0,"wins":0,"draws":0,"losses":0,"trades":0,"profit_factor":0.0},{"date":"02/07/2024","date_ts":1719878400000,"profit_abs":0.0,"wins":0,"draws":0,"losses":0,"trades":0,"profit_factor":0.0},{"date":"03/07/2024","date_ts":1719964800000,"profit_abs":-14.37042558,"wins":0,"draws":0,"losses":4,"trades":4,"profit_factor":0.0},{"date":"04/07/2024","date_ts":1720051200000,"profit_abs":0.0,"wins":0,"draws":0,"losses":0,"trades":0,"profit_factor":0.0},{"date":"05/07/2024","date_ts":1720137600000,"profit_abs":0.0,"wins":0,"draws":0,"losses":0,"trades":0,"profit_factor":0.0},{"date":"06/07/2024","date_ts":1720224000000,"profit_abs":0.0,"wins":0,"draws":0,"losses":0,"trades":0,"profit_factor":0.0},{"date":"07/07/2024","date_ts":1720310400000,"profit_abs":0.0,"wins":0,"draws":0,"losses":0,"trades":0,"profit_factor":0.0},{"date":"08/07/2024","date_ts":1720396800000,"profit_abs":0.0,"wins":0,"draws":0,"losses":0,"trades":0,"profit_factor":0.0},{"date":"09/07/2024","date_ts":1720483200000,"profit_abs":0.0,"wins":0,"draws":0,"losses":0,"trades":0,"profit_factor":0.0},{"date":"10/07/2024","date_ts":1720569600000,"profit_abs":0.0,"wins":0,"draws":0,"losses":0,"trades":0,"profit_factor":0.0},{"date":"11/07/2024","date_ts":1720656000000,"profit_abs":2.99176962,"wins":1,"draws":0,"losses":0,"trades":1,"profit_factor":0.0},{"date":"12/07/2024","date_ts":1720742400000,"profit_abs":0.0,"wins":0,"draws":0,"losses":0,"trades":0,"profit_factor":0.0},{"date":"13/07/2024","date_ts":1720828800000,"profit_abs":0.0,"wins":0,"draws":0,"losses":0,"trades":0,"profit_factor":0.0},{"date":"14/07/2024","date_ts":1720915200000,"profit_abs":1.05569998,"wins":1,"draws":0,"losses":0,"trades":1,"profit_factor":0.0},{"date":"15/07/2024","date_ts":1721001600000,"profit_abs":0.0,"wins":0,"draws":0,"losses":0,"trades":0,"profit_factor":0.0},{"date":"16/07/2024","date_ts":1721088000000,"profit_abs":0.0,"wins":0,"draws":0,"losses":0,"trades":0,"profit_factor":0.0},{"date":"17/07/2024","date_ts":1721174400000,"profit_abs":0.0,"wins":0,"draws":0,"losses":0,"trades":0,"profit_factor":0.0},{"date":"18/07/2024","date_ts":1721260800000,"profit_abs":0.0,"wins":0,"draws":0,"losses":0,"trades":0,"profit_factor":0.0},{"date":"19/07/2024","date_ts":1721347200000,"profit_abs":0.0,"wins":0,"draws":0,"losses":0,"trades":0,"profit_factor":0.0},{"date":"20/07/2024","date_ts":1721433600000,"profit_abs":0.0,"wins":0,"draws":0,"losses":0,"trades":0,"profit_factor":0.0},{"date":"21/07/2024","date_ts":1721520000000,"profit_abs":0.0,"wins":0,"draws":0,"losses":0,"trades":0,"profit_factor":0.0},{"date":"22/07/2024","date_ts":1721606400000,"profit_abs":0.0,"wins":0,"draws":0,"losses":0,"trades":0,"profit_factor":0.0},{"date":"23/07/2024","date_ts":1721692800000,"profit_abs":0.0,"wins":0,"draws":0,"losses":0,"trades":0,"profit_factor":0.0},{"date":"24/07/2024","date_ts":1721779200000,"profit_abs":2.9997696,"wins":1,"draws":0,"losses":0,"trades":1,"profit_factor":0.0},{"date":"25/07/2024","date_ts":1721865600000,"profit_abs":0.0,"wins":0,"draws":0,"losses":0,"trades":0,"profit_factor":0.0},{"date":"26/07/2024","date_ts":1721952000000,"profit_abs":0.0,"wins":0,"draws":0,"losses":0,"trades":0,"profit_factor":0.0},{"date":"27/07/2024","date_ts":1722038400000,"profit_abs":2.9967774,"wins":1,"draws":0,"losses":0,"trades":1,"profit_factor":0.0},{"date":"28/07/2024","date_ts":1722124800000,"profit_abs":0.0,"wins":0,"draws":0,"losses":0,"trades":0,"profit_factor":0.0},{"date":"29/07/2024","date_ts":1722211200000,"profit_abs":0.0,"wins":0,"draws":0,"losses":0,"trades":0,"profit_factor":0.0},{"date":"30/07/2024","date_ts":1722297600000,"profit_abs":-3.48852,"wins":0,"draws":0,"losses":1,"trades":1,"profit_factor":0.0},{"date":"31/07/2024","date_ts":1722384000000,"profit_abs":0.0,"wins":0,"draws":0,"losses":0,"trades":0,"profit_factor":0.0},{"date":"01/08/2024","date_ts":1722470400000,"profit_abs":-3.66008726,"wins":0,"draws":0,"losses":1,"trades":1,"profit_factor":0.0},{"date":"02/08/2024","date_ts":1722556800000,"profit_abs":0.0,"wins":0,"draws":0,"losses":0,"trades":0,"profit_factor":0.0},{"date":"03/08/2024","date_ts":1722643200000,"profit_abs":0.0,"wins":0,"draws":0,"losses":0,"trades":0,"profit_factor":0.0},{"date":"04/08/2024","date_ts":1722729600000,"profit_abs":0.0,"wins":0,"draws":0,"losses":0,"trades":0,"profit_factor":0.0},{"date":"05/08/2024","date_ts":1722816000000,"profit_abs":0.0,"wins":0,"draws":0,"losses":0,"trades":0,"profit_factor":0.0},{"date":"06/08/2024","date_ts":1722902400000,"profit_abs":0.0,"wins":0,"draws":0,"losses":0,"trades":0,"profit_factor":0.0},{"date":"07/08/2024","date_ts":1722988800000,"profit_abs":0.0,"wins":0,"draws":0,"losses":0,"trades":0,"profit_factor":0.0},{"date":"08/08/2024","date_ts":1723075200000,"profit_abs":2.06296551,"wins":1,"draws":0,"losses":1,"trades":2,"profit_factor":2.72143331},{"date":"09/08/2024","date_ts":1723161600000,"profit_abs":0.0,"wins":0,"draws":0,"losses":0,"trades":0,"profit_factor":0.0},{"date":"10/08/2024","date_ts":1723248000000,"profit_abs":0.0,"wins":0,"draws":0,"losses":0,"trades":0,"profit_factor":0.0},{"date":"11/08/2024","date_ts":1723334400000,"profit_abs":0.0,"wins":0,"draws":0,"losses":0,"trades":0,"profit_factor":0.0},{"date":"12/08/2024","date_ts":1723420800000,"profit_abs":1.286934,"wins":1,"draws":0,"losses":0,"trades":1,"profit_factor":0.0},{"date":"13/08/2024","date_ts":1723507200000,"profit_abs":0.0,"wins":0,"draws":0,"losses":0,"trades":0,"profit_factor":0.0},{"date":"14/08/2024","date_ts":1723593600000,"profit_abs":0.0,"wins":0,"draws":0,"losses":0,"trades":0,"profit_factor":0.0},{"date":"15/08/2024","date_ts":1723680000000,"profit_abs":0.0,"wins":0,"draws":0,"losses":0,"trades":0,"profit_factor":0.0},{"date":"16/08/2024","date_ts":1723766400000,"profit_abs":0.0,"wins":0,"draws":0,"losses":0,"trades":0,"profit_factor":0.0},{"date":"17/08/2024","date_ts":1723852800000,"profit_abs":0.0,"wins":0,"draws":0,"losses":0,"trades":0,"profit_factor":0.0},{"date":"18/08/2024","date_ts":1723939200000,"profit_abs":0.0,"wins":0,"draws":0,"losses":0,"trades":0,"profit_factor":0.0},{"date":"19/08/2024","date_ts":1724025600000,"profit_abs":0.0,"wins":0,"draws":0,"losses":0,"trades":0,"profit_factor":0.0},{"date":"20/08/2024","date_ts":1724112000000,"profit_abs":0.0,"wins":0,"draws":0,"losses":0,"trades":0,"profit_factor":0.0},{"date":"21/08/2024","date_ts":1724198400000,"profit_abs":0.0,"wins":0,"draws":0,"losses":0,"trades":0,"profit_factor":0.0},{"date":"22/08/2024","date_ts":1724284800000,"profit_abs":0.0,"wins":0,"draws":0,"losses":0,"trades":0,"profit_factor":0.0},{"date":"23/08/2024","date_ts":1724371200000,"profit_abs":1.35392025,"wins":1,"draws":0,"losses":1,"trades":2,"profit_factor":7.34612913},{"date":"24/08/2024","date_ts":1724457600000,"profit_abs":1.44550406,"wins":1,"draws":0,"losses":0,"trades":1,"profit_factor":0.0},{"date":"25/08/2024","date_ts":1724544000000,"profit_abs":0.0,"wins":0,"draws":0,"losses":0,"trades":0,"profit_factor":0.0},{"date":"26/08/2024","date_ts":1724630400000,"profit_abs":0.0,"wins":0,"draws":0,"losses":0,"trades":0,"profit_factor":0.0},{"date":"27/08/2024","date_ts":1724716800000,"profit_abs":0.0,"wins":0,"draws":0,"losses":0,"trades":0,"profit_factor":0.0},{"date":"28/08/2024","date_ts":1724803200000,"profit_abs":0.0,"wins":0,"draws":0,"losses":0,"trades":0,"profit_factor":0.0},{"date":"29/08/2024","date_ts":1724889600000,"profit_abs":0.0,"wins":0,"draws":0,"losses":0,"trades":0,"profit_factor":0.0},{"date":"30/08/2024","date_ts":1724976000000,"profit_abs":0.0,"wins":0,"draws":0,"losses":0,"trades":0,"profit_factor":0.0},{"date":"31/08/2024","date_ts":1725062400000,"profit_abs":0.0,"wins":0,"draws":0,"losses":0,"trades":0,"profit_factor":0.0},{"date":"01/09/2024","date_ts":1725148800000,"profit_abs":0.0,"wins":0,"draws":0,"losses":0,"trades":0,"profit_factor":0.0},{"date":"02/09/2024","date_ts":1725235200000,"profit_abs":0.0,"wins":0,"draws":0,"losses":0,"trades":0,"profit_factor":0.0},{"date":"03/09/2024","date_ts":1725321600000,"profit_abs":0.0,"wins":0,"draws":0,"losses":0,"trades":0,"profit_factor":0.0},{"date":"04/09/2024","date_ts":1725408000000,"profit_abs":0.0,"wins":0,"draws":0,"losses":0,"trades":0,"profit_factor":0.0},{"date":"05/09/2024","date_ts":1725494400000,"profit_abs":0.0,"wins":0,"draws":0,"losses":0,"trades":0,"profit_factor":0.0},{"date":"06/09/2024","date_ts":1725580800000,"profit_abs":0.0,"wins":0,"draws":0,"losses":0,"trades":0,"profit_factor":0.0},{"date":"07/09/2024","date_ts":1725667200000,"profit_abs":0.0,"wins":0,"draws":0,"losses":0,"trades":0,"profit_factor":0.0},{"date":"08/09/2024","date_ts":1725753600000,"profit_abs":0.0,"wins":0,"draws":0,"losses":0,"trades":0,"profit_factor":0.0},{"date":"09/09/2024","date_ts":1725840000000,"profit_abs":0.0,"wins":0,"draws":0,"losses":0,"trades":0,"profit_factor":0.0},{"date":"10/09/2024","date_ts":1725926400000,"profit_abs":0.0,"wins":0,"draws":0,"losses":0,"trades":0,"profit_factor":0.0},{"date":"11/09/2024","date_ts":1726012800000,"profit_abs":1.68878477,"wins":1,"draws":0,"losses":0,"trades":1,"profit_factor":0.0},{"date":"12/09/2024","date_ts":1726099200000,"profit_abs":1.19140886,"wins":1,"draws":0,"losses":0,"trades":1,"profit_factor":0.0},{"date":"13/09/2024","date_ts":1726185600000,"profit_abs":5.70640871,"wins":3,"draws":0,"losses":0,"trades":3,"profit_factor":0.0},{"date":"14/09/2024","date_ts":1726272000000,"profit_abs":0.0,"wins":0,"draws":0,"losses":0,"trades":0,"profit_factor":0.0},{"date":"15/09/2024","date_ts":1726358400000,"profit_abs":0.0,"wins":0,"draws":0,"losses":0,"trades":0,"profit_factor":0.0},{"date":"16/09/2024","date_ts":1726444800000,"profit_abs":0.0,"wins":0,"draws":0,"losses":0,"trades":0,"profit_factor":0.0},{"date":"17/09/2024","date_ts":1726531200000,"profit_abs":0.0,"wins":0,"draws":0,"losses":0,"trades":0,"profit_factor":0.0},{"date":"18/09/2024","date_ts":1726617600000,"profit_abs":0.0,"wins":0,"draws":0,"losses":0,"trades":0,"profit_factor":0.0},{"date":"19/09/2024","date_ts":1726704000000,"profit_abs":6.08000353,"wins":3,"draws":0,"losses":0,"trades":3,"profit_factor":0.0},{"date":"20/09/2024","date_ts":1726790400000,"profit_abs":0.0,"wins":0,"draws":0,"losses":0,"trades":0,"profit_factor":0.0},{"date":"21/09/2024","date_ts":1726876800000,"profit_abs":0.0,"wins":0,"draws":0,"losses":0,"trades":0,"profit_factor":0.0},{"date":"22/09/2024","date_ts":1726963200000,"profit_abs":0.0,"wins":0,"draws":0,"losses":0,"trades":0,"profit_factor":0.0},{"date":"23/09/2024","date_ts":1727049600000,"profit_abs":0.0,"wins":0,"draws":0,"losses":0,"trades":0,"profit_factor":0.0},{"date":"24/09/2024","date_ts":1727136000000,"profit_abs":0.0,"wins":0,"draws":0,"losses":0,"trades":0,"profit_factor":0.0},{"date":"25/09/2024","date_ts":1727222400000,"profit_abs":0.0,"wins":0,"draws":0,"losses":0,"trades":0,"profit_factor":0.0},{"date":"26/09/2024","date_ts":1727308800000,"profit_abs":0.0,"wins":0,"draws":0,"losses":0,"trades":0,"profit_factor":0.0},{"date":"27/09/2024","date_ts":1727395200000,"profit_abs":0.0,"wins":0,"draws":0,"losses":0,"trades":0,"profit_factor":0.0},{"date":"28/09/2024","date_ts":1727481600000,"profit_abs":2.9992998,"wins":1,"draws":0,"losses":0,"trades":1,"profit_factor":0.0},{"date":"29/09/2024","date_ts":1727568000000,"profit_abs":0.0,"wins":0,"draws":0,"losses":0,"trades":0,"profit_factor":0.0},{"date":"30/09/2024","date_ts":1727654400000,"profit_abs":0.0,"wins":0,"draws":0,"losses":0,"trades":0,"profit_factor":0.0},{"date":"01/10/2024","date_ts":1727740800000,"profit_abs":0.0,"wins":0,"draws":0,"losses":0,"trades":0,"profit_factor":0.0},{"date":"02/10/2024","date_ts":1727827200000,"profit_abs":0.0,"wins":0,"draws":0,"losses":0,"trades":0,"profit_factor":0.0},{"date":"03/10/2024","date_ts":1727913600000,"profit_abs":0.0,"wins":0,"draws":0,"losses":0,"trades":0,"profit_factor":0.0},{"date":"04/10/2024","date_ts":1728000000000,"profit_abs":0.0,"wins":0,"draws":0,"losses":0,"trades":0,"profit_factor":0.0},{"date":"05/10/2024","date_ts":1728086400000,"profit_abs":0.0,"wins":0,"draws":0,"losses":0,"trades":0,"profit_factor":0.0},{"date":"06/10/2024","date_ts":1728172800000,"profit_abs":0.0,"wins":0,"draws":0,"losses":0,"trades":0,"profit_factor":0.0},{"date":"07/10/2024","date_ts":1728259200000,"profit_abs":0.0,"wins":0,"draws":0,"losses":0,"trades":0,"profit_factor":0.0},{"date":"08/10/2024","date_ts":1728345600000,"profit_abs":1.10971423,"wins":1,"draws":0,"losses":0,"trades":1,"profit_factor":0.0},{"date":"09/10/2024","date_ts":1728432000000,"profit_abs":-10.79965676,"wins":0,"draws":0,"losses":2,"trades":2,"profit_factor":0.0},{"date":"10/10/2024","date_ts":1728518400000,"profit_abs":-5.1894324,"wins":0,"draws":0,"losses":1,"trades":1,"profit_factor":0.0},{"date":"11/10/2024","date_ts":1728604800000,"profit_abs":0.0,"wins":0,"draws":0,"losses":0,"trades":0,"profit_factor":0.0},{"date":"12/10/2024","date_ts":1728691200000,"profit_abs":0.0,"wins":0,"draws":0,"losses":0,"trades":0,"profit_factor":0.0},{"date":"13/10/2024","date_ts":1728777600000,"profit_abs":0.0,"wins":0,"draws":0,"losses":0,"trades":0,"profit_factor":0.0},{"date":"14/10/2024","date_ts":1728864000000,"profit_abs":4.87716758,"wins":2,"draws":0,"losses":0,"trades":2,"profit_factor":0.0},{"date":"15/10/2024","date_ts":1728950400000,"profit_abs":0.0,"wins":0,"draws":0,"losses":0,"trades":0,"profit_factor":0.0},{"date":"16/10/2024","date_ts":1729036800000,"profit_abs":0.0,"wins":0,"draws":0,"losses":0,"trades":0,"profit_factor":0.0},{"date":"17/10/2024","date_ts":1729123200000,"profit_abs":1.9455436,"wins":1,"draws":0,"losses":0,"trades":1,"profit_factor":0.0},{"date":"18/10/2024","date_ts":1729209600000,"profit_abs":0.0,"wins":0,"draws":0,"losses":0,"trades":0,"profit_factor":0.0},{"date":"19/10/2024","date_ts":1729296000000,"profit_abs":0.0,"wins":0,"draws":0,"losses":0,"trades":0,"profit_factor":0.0},{"date":"20/10/2024","date_ts":1729382400000,"profit_abs":0.0,"wins":0,"draws":0,"losses":0,"trades":0,"profit_factor":0.0},{"date":"21/10/2024","date_ts":1729468800000,"profit_abs":0.0,"wins":0,"draws":0,"losses":0,"trades":0,"profit_factor":0.0},{"date":"22/10/2024","date_ts":1729555200000,"profit_abs":0.0,"wins":0,"draws":0,"losses":0,"trades":0,"profit_factor":0.0},{"date":"23/10/2024","date_ts":1729641600000,"profit_abs":0.0,"wins":0,"draws":0,"losses":0,"trades":0,"profit_factor":0.0},{"date":"24/10/2024","date_ts":1729728000000,"profit_abs":0.0,"wins":0,"draws":0,"losses":0,"trades":0,"profit_factor":0.0},{"date":"25/10/2024","date_ts":1729814400000,"profit_abs":0.0,"wins":0,"draws":0,"losses":0,"trades":0,"profit_factor":0.0},{"date":"26/10/2024","date_ts":1729900800000,"profit_abs":0.0,"wins":0,"draws":0,"losses":0,"trades":0,"profit_factor":0.0},{"date":"27/10/2024","date_ts":1729987200000,"profit_abs":0.0,"wins":0,"draws":0,"losses":0,"trades":0,"profit_factor":0.0},{"date":"28/10/2024","date_ts":1730073600000,"profit_abs":0.0,"wins":0,"draws":0,"losses":0,"trades":0,"profit_factor":0.0},{"date":"29/10/2024","date_ts":1730160000000,"profit_abs":1.60969571,"wins":1,"draws":0,"losses":0,"trades":1,"profit_factor":0.0},{"date":"30/10/2024","date_ts":1730246400000,"profit_abs":0.0,"wins":0,"draws":0,"losses":0,"trades":0,"profit_factor":0.0},{"date":"31/10/2024","date_ts":1730332800000,"profit_abs":-9.81974658,"wins":0,"draws":0,"losses":2,"trades":2,"profit_factor":0.0},{"date":"01/11/2024","date_ts":1730419200000,"profit_abs":0.0,"wins":0,"draws":0,"losses":0,"trades":0,"profit_factor":0.0},{"date":"02/11/2024","date_ts":1730505600000,"profit_abs":0.0,"wins":0,"draws":0,"losses":0,"trades":0,"profit_factor":0.0},{"date":"03/11/2024","date_ts":1730592000000,"profit_abs":0.0,"wins":0,"draws":0,"losses":0,"trades":0,"profit_factor":0.0},{"date":"04/11/2024","date_ts":1730678400000,"profit_abs":0.0,"wins":0,"draws":0,"losses":0,"trades":0,"profit_factor":0.0},{"date":"05/11/2024","date_ts":1730764800000,"profit_abs":0.0,"wins":0,"draws":0,"losses":0,"trades":0,"profit_factor":0.0},{"date":"06/11/2024","date_ts":1730851200000,"profit_abs":4.40343783,"wins":4,"draws":0,"losses":1,"trades":5,"profit_factor":5.85212873},{"date":"07/11/2024","date_ts":1730937600000,"profit_abs":0.0,"wins":0,"draws":0,"losses":0,"trades":0,"profit_factor":0.0},{"date":"08/11/2024","date_ts":1731024000000,"profit_abs":0.0,"wins":0,"draws":0,"losses":0,"trades":0,"profit_factor":0.0},{"date":"09/11/2024","date_ts":1731110400000,"profit_abs":0.0,"wins":0,"draws":0,"losses":0,"trades":0,"profit_factor":0.0},{"date":"10/11/2024","date_ts":1731196800000,"profit_abs":0.0,"wins":0,"draws":0,"losses":0,"trades":0,"profit_factor":0.0},{"date":"11/11/2024","date_ts":1731283200000,"profit_abs":0.0,"wins":0,"draws":0,"losses":0,"trades":0,"profit_factor":0.0},{"date":"12/11/2024","date_ts":1731369600000,"profit_abs":0.0,"wins":0,"draws":0,"losses":0,"trades":0,"profit_factor":0.0},{"date":"13/11/2024","date_ts":1731456000000,"profit_abs":0.0,"wins":0,"draws":0,"losses":0,"trades":0,"profit_factor":0.0},{"date":"14/11/2024","date_ts":1731542400000,"profit_abs":0.0,"wins":0,"draws":0,"losses":0,"trades":0,"profit_factor":0.0},{"date":"15/11/2024","date_ts":1731628800000,"profit_abs":0.0,"wins":0,"draws":0,"losses":0,"trades":0,"profit_factor":0.0},{"date":"16/11/2024","date_ts":1731715200000,"profit_abs":0.0,"wins":0,"draws":0,"losses":0,"trades":0,"profit_factor":0.0},{"date":"17/11/2024","date_ts":1731801600000,"profit_abs":0.0,"wins":0,"draws":0,"losses":0,"trades":0,"profit_factor":0.0},{"date":"18/11/2024","date_ts":1731888000000,"profit_abs":0.0,"wins":0,"draws":0,"losses":0,"trades":0,"profit_factor":0.0},{"date":"19/11/2024","date_ts":1731974400000,"profit_abs":0.0,"wins":0,"draws":0,"losses":0,"trades":0,"profit_factor":0.0},{"date":"20/11/2024","date_ts":1732060800000,"profit_abs":0.0,"wins":0,"draws":0,"losses":0,"trades":0,"profit_factor":0.0},{"date":"21/11/2024","date_ts":1732147200000,"profit_abs":-0.19989883,"wins":0,"draws":0,"losses":1,"trades":1,"profit_factor":0.0},{"date":"22/11/2024","date_ts":1732233600000,"profit_abs":0.0,"wins":0,"draws":0,"losses":0,"trades":0,"profit_factor":0.0},{"date":"23/11/2024","date_ts":1732320000000,"profit_abs":0.0,"wins":0,"draws":0,"losses":0,"trades":0,"profit_factor":0.0},{"date":"24/11/2024","date_ts":1732406400000,"profit_abs":0.0,"wins":0,"draws":0,"losses":0,"trades":0,"profit_factor":0.0},{"date":"25/11/2024","date_ts":1732492800000,"profit_abs":0.0,"wins":0,"draws":0,"losses":0,"trades":0,"profit_factor":0.0},{"date":"26/11/2024","date_ts":1732579200000,"profit_abs":0.0,"wins":0,"draws":0,"losses":0,"trades":0,"profit_factor":0.0},{"date":"27/11/2024","date_ts":1732665600000,"profit_abs":0.0,"wins":0,"draws":0,"losses":0,"trades":0,"profit_factor":0.0},{"date":"28/11/2024","date_ts":1732752000000,"profit_abs":0.0,"wins":0,"draws":0,"losses":0,"trades":0,"profit_factor":0.0},{"date":"29/11/2024","date_ts":1732838400000,"profit_abs":0.0,"wins":0,"draws":0,"losses":0,"trades":0,"profit_factor":0.0},{"date":"30/11/2024","date_ts":1732924800000,"profit_abs":0.0,"wins":0,"draws":0,"losses":0,"trades":0,"profit_factor":0.0},{"date":"01/12/2024","date_ts":1733011200000,"profit_abs":0.0,"wins":0,"draws":0,"losses":0,"trades":0,"profit_factor":0.0},{"date":"02/12/2024","date_ts":1733097600000,"profit_abs":0.0,"wins":0,"draws":0,"losses":0,"trades":0,"profit_factor":0.0},{"date":"03/12/2024","date_ts":1733184000000,"profit_abs":2.9881644,"wins":1,"draws":0,"losses":0,"trades":1,"profit_factor":0.0},{"date":"04/12/2024","date_ts":1733270400000,"profit_abs":0.0,"wins":0,"draws":0,"losses":0,"trades":0,"profit_factor":0.0},{"date":"05/12/2024","date_ts":1733356800000,"profit_abs":0.0,"wins":0,"draws":0,"losses":0,"trades":0,"profit_factor":0.0},{"date":"06/12/2024","date_ts":1733443200000,"profit_abs":0.0,"wins":0,"draws":0,"losses":0,"trades":0,"profit_factor":0.0},{"date":"07/12/2024","date_ts":1733529600000,"profit_abs":0.0,"wins":0,"draws":0,"losses":0,"trades":0,"profit_factor":0.0},{"date":"08/12/2024","date_ts":1733616000000,"profit_abs":0.0,"wins":0,"draws":0,"losses":0,"trades":0,"profit_factor":0.0},{"date":"09/12/2024","date_ts":1733702400000,"profit_abs":0.0,"wins":0,"draws":0,"losses":0,"trades":0,"profit_factor":0.0},{"date":"10/12/2024","date_ts":1733788800000,"profit_abs":0.0,"wins":0,"draws":0,"losses":0,"trades":0,"profit_factor":0.0},{"date":"11/12/2024","date_ts":1733875200000,"profit_abs":0.0,"wins":0,"draws":0,"losses":0,"trades":0,"profit_factor":0.0},{"date":"12/12/2024","date_ts":1733961600000,"profit_abs":0.0,"wins":0,"draws":0,"losses":0,"trades":0,"profit_factor":0.0},{"date":"13/12/2024","date_ts":1734048000000,"profit_abs":0.0,"wins":0,"draws":0,"losses":0,"trades":0,"profit_factor":0.0},{"date":"14/12/2024","date_ts":1734134400000,"profit_abs":0.0,"wins":0,"draws":0,"losses":0,"trades":0,"profit_factor":0.0},{"date":"15/12/2024","date_ts":1734220800000,"profit_abs":2.97300767,"wins":1,"draws":0,"losses":0,"trades":1,"profit_factor":0.0}],"week":[{"date":"10/06/2024","date_ts":1717977600000,"profit_abs":2.986497,"wins":1,"draws":0,"losses":0,"trades":1,"profit_factor":0.0},{"date":"17/06/2024","date_ts":1718582400000,"profit_abs":-6.21940465,"wins":0,"draws":0,"losses":1,"trades":1,"profit_factor":0.0},{"date":"24/06/2024","date_ts":1719187200000,"profit_abs":0.0,"wins":0,"draws":0,"losses":0,"trades":0,"profit_factor":0.0},{"date":"01/07/2024","date_ts":1719792000000,"profit_abs":1.25476342,"wins":1,"draws":0,"losses":0,"trades":1,"profit_factor":0.0},{"date":"08/07/2024","date_ts":1720396800000,"profit_abs":-14.37042558,"wins":0,"draws":0,"losses":4,"trades":4,"profit_factor":0.0},{"date":"15/07/2024","date_ts":1721001600000,"profit_abs":4.0474696,"wins":2,"draws":0,"losses":0,"trades":2,"profit_factor":0.0},{"date":"22/07/2024","date_ts":1721606400000,"profit_abs":0.0,"wins":0,"draws":0,"losses":0,"trades":0,"profit_factor":0.0},{"date":"29/07/2024","date_ts":1722211200000,"profit_abs":5.996547,"wins":2,"draws":0,"losses":0,"trades":2,"profit_factor":0.0},{"date":"05/08/2024","date_ts":1722816000000,"profit_abs":-7.14860726,"wins":0,"draws":0,"losses":2,"trades":2,"profit_factor":0.0},{"date":"12/08/2024","date_ts":1723420800000,"profit_abs":3.34989951,"wins":2,"draws":0,"losses":1,"trades":3,"profit_factor":3.79531024},{"date":"19/08/2024","date_ts":1724025600000,"profit_abs":0.0,"wins":0,"draws":0,"losses":0,"trades":0,"profit_factor":0.0},{"date":"26/08/2024","date_ts":1724630400000,"profit_abs":2.79942431,"wins":2,"draws":0,"losses":1,"trades":3,"profit_factor":14.1215322},{"date":"02/09/2024","date_ts":1725235200000,"profit_abs":0.0,"wins":0,"draws":0,"losses":0,"trades":0,"profit_factor":0.0},{"date":"09/09/2024","date_ts":1725840000000,"profit_abs":0.0,"wins":0,"draws":0,"losses":0,"trades":0,"profit_factor":0.0},{"date":"16/09/2024","date_ts":1726444800000,"profit_abs":8.58660234,"wins":5,"draws":0,"losses":0,"trades":5,"profit_factor":0.0},{"date":"23/09/2024","date_ts":1727049600000,"profit_abs":6.08000353,"wins":3,"draws":0,"losses":0,"trades":3,"profit_factor":0.0},{"date":"30/09/2024","date_ts":1727654400000,"profit_abs":2.9992998,"wins":1,"draws":0,"losses":0,"trades":1,"profit_factor":0.0},{"date":"07/10/2024","date_ts":1728259200000,"profit_abs":0.0,"wins":0,"draws":0,"losses":0,"trades":0,"profit_factor":0.0},{"date":"14/10/2024","date_ts":1728864000000,"profit_abs":-10.00220735,"wins":3,"draws":0,"losses":3,"trades":6,"profit_factor":0.37443545},{"date":"21/10/2024","date_ts":1729468800000,"profit_abs":1.9455436,"wins":1,"draws":0,"losses":0,"trades":1,"profit_factor":0.0},{"date":"28/10/2024","date_ts":1730073600000,"profit_abs":0.0,"wins":0,"draws":0,"losses":0,"trades":0,"profit_factor":0.0},{"date":"04/11/2024","date_ts":1730678400000,"profit_abs":-8.21005087,"wins":1,"draws":0,"losses":2,"trades":3,"profit_factor":0.16392436},{"date":"11/11/2024","date_ts":1731283200000,"profit_abs":4.40343783,"wins":4,"draws":0,"losses":1,"trades":5,"profit_factor":5.85212873},{"date":"18/11/2024","date_ts":1731888000000,"profit_abs":0.0,"wins":0,"draws":0,"losses":0,"trades":0,"profit_factor":0.0},{"date":"25/11/2024","date_ts":1732492800000,"profit_abs":-0.19989883,"wins":0,"draws":0,"losses":1,"trades":1,"profit_factor":0.0},{"date":"02/12/2024","date_ts":1733097600000,"profit_abs":0.0,"wins":0,"draws":0,"losses":0,"trades":0,"profit_factor":0.0},{"date":"09/12/2024","date_ts":1733702400000,"profit_abs":2.9881644,"wins":1,"draws":0,"losses":0,"trades":1,"profit_factor":0.0},{"date":"16/12/2024","date_ts":1734307200000,"profit_abs":2.97300767,"wins":1,"draws":0,"losses":0,"trades":1,"profit_factor":0.0}],"month":[{"date":"30/06/2024","date_ts":1719705600000,"profit_abs":-1.97814423,"wins":2,"draws":0,"losses":1,"trades":3,"profit_factor":0.68193994},{"date":"31/07/2024","date_ts":1722384000000,"profit_abs":-7.81492898,"wins":4,"draws":0,"losses":5,"trades":9,"profit_factor":0.56240815},{"date":"31/08/2024","date_ts":1725062400000,"profit_abs":2.48923656,"wins":4,"draws":0,"losses":3,"trades":7,"profit_factor":1.49079624},{"date":"30/09/2024","date_ts":1727654400000,"profit_abs":17.66590567,"wins":9,"draws":0,"losses":0,"trades":9,"profit_factor":0.0},{"date":"31/10/2024","date_ts":1730332800000,"profit_abs":-16.26671462,"wins":5,"draws":0,"losses":5,"trades":10,"profit_factor":0.36972304},{"date":"30/11/2024","date_ts":1732924800000,"profit_abs":4.203539,"wins":4,"draws":0,"losses":2,"trades":6,"profit_factor":4.79577475},{"date":"31/12/2024","date_ts":1735603200000,"profit_abs":5.96117207,"wins":2,"draws":0,"losses":0,"trades":2,"profit_factor":0.0}],"year":[{"date":"31/12/2024","date_ts":1735603200000,"profit_abs":4.26006547,"wins":30,"draws":0,"losses":16,"trades":46,"profit_factor":1.07598244}],"weekday":[{"date":"Monday","date_ts":0,"profit_abs":6.16410158,"wins":3,"draws":0,"losses":0,"trades":3,"profit_factor":0.0},{"date":"Tuesday","date_ts":1,"profit_abs":6.46031476,"wins":5,"draws":0,"losses":1,"trades":6,"profit_factor":2.85187838},{"date":"Wednesday","date_ts":2,"profit_abs":-16.07809014,"wins":6,"draws":0,"losses":7,"trades":13,"profit_factor":0.3834523},{"date":"Thursday","date_ts":3,"profit_abs":-4.59747395,"wins":7,"draws":0,"losses":6,"trades":13,"profit_factor":0.77090026},{"date":"Friday","date_ts":4,"profit_abs":0.84092431,"wins":4,"draws":0,"losses":2,"trades":6,"profit_factor":1.13072547},{"date":"Saturday","date_ts":5,"profit_abs":7.44158126,"wins":3,"draws":0,"losses":0,"trades":3,"profit_factor":0.0},{"date":"Sunday","date_ts":6,"profit_abs":4.02870765,"wins":2,"draws":0,"losses":0,"trades":2,"profit_factor":0.0}]},"backtest_best_day":0.06080035681699033,"backtest_worst_day":-0.1438559943003452,"backtest_best_day_abs":6.08000353,"backtest_worst_day_abs":-14.37042558,"winning_days":22,"draw_days":165,"losing_days":8,"daily_profit":[["2024-06-04",2.986497],["2024-06-05",0.0],["2024-06-06",0.0],["2024-06-07",0.0],["2024-06-08",0.0],["2024-06-09",0.0],["2024-06-10",0.0],["2024-06-11",0.0],["2024-06-12",0.0],["2024-06-13",0.0],["2024-06-14",-6.21940465],["2024-06-15",0.0],["2024-06-16",0.0],["2024-06-17",0.0],["2024-06-18",0.0],["2024-06-19",0.0],["2024-06-20",0.0],["2024-06-21",0.0],["2024-06-22",0.0],["2024-06-23",0.0],["2024-06-24",0.0],["2024-06-25",1.25476342],["2024-06-26",0.0],["2024-06-27",0.0],["2024-06-28",0.0],["2024-06-29",0.0],["2024-06-30",0.0],["2024-07-01",0.0],["2024-07-02",0.0],["2024-07-03",-14.37042558],["2024-07-04",0.0],["2024-07-05",0.0],["2024-07-06",0.0],["2024-07-07",0.0],["2024-07-08",0.0],["2024-07-09",0.0],["2024-07-10",0.0],["2024-07-11",2.99176962],["2024-07-12",0.0],["2024-07-13",0.0],["2024-07-14",1.05569998],["2024-07-15",0.0],["2024-07-16",0.0],["2024-07-17",0.0],["2024-07-18",0.0],["2024-07-19",0.0],["2024-07-20",0.0],["2024-07-21",0.0],["2024-07-22",0.0],["2024-07-23",0.0],["2024-07-24",2.9997696],["2024-07-25",0.0],["2024-07-26",0.0],["2024-07-27",2.9967774],["2024-07-28",0.0],["2024-07-29",0.0],["2024-07-30",-3.48852],["2024-07-31",0.0],["2024-08-01",-3.66008726],["2024-08-02",0.0],["2024-08-03",0.0],["2024-08-04",0.0],["2024-08-05",0.0],["2024-08-06",0.0],["2024-08-07",0.0],["2024-08-08",2.06296551],["2024-08-09",0.0],["2024-08-10",0.0],["2024-08-11",0.0],["2024-08-12",1.286934],["2024-08-13",0.0],["2024-08-14",0.0],["2024-08-15",0.0],["2024-08-16",0.0],["2024-08-17",0.0],["2024-08-18",0.0],["2024-08-19",0.0],["2024-08-20",0.0],["2024-08-21",0.0],["2024-08-22",0.0],["2024-08-23",1.35392025],["2024-08-24",1.44550406],["2024-08-25",0.0],["2024-08-26",0.0],["2024-08-27",0.0],["2024-08-28",0.0],["2024-08-29",0.0],["2024-08-30",0.0],["2024-08-31",0.0],["2024-09-01",0.0],["2024-09-02",0.0],["2024-09-03",0.0],["2024-09-04",0.0],["2024-09-05",0.0],["2024-09-06",0.0],["2024-09-07",0.0],["2024-09-08",0.0],["2024-09-09",0.0],["2024-09-10",0.0],["2024-09-11",1.68878477],["2024-09-12",1.19140886],["2024-09-13",5.70640871],["2024-09-14",0.0],["2024-09-15",0.0],["2024-09-16",0.0],["2024-09-17",0.0],["2024-09-18",0.0],["2024-09-19",6.08000353],["2024-09-20",0.0],["2024-09-21",0.0],["2024-09-22",0.0],["2024-09-23",0.0],["2024-09-24",0.0],["2024-09-25",0.0],["2024-09-26",0.0],["2024-09-27",0.0],["2024-09-28",2.9992998],["2024-09-29",0.0],["2024-09-30",0.0],["2024-10-01",0.0],["2024-10-02",0.0],["2024-10-03",0.0],["2024-10-04",0.0],["2024-10-05",0.0],["2024-10-06",0.0],["2024-10-07",0.0],["2024-10-08",1.10971423],["2024-10-09",-10.79965676],["2024-10-10",-5.1894324],["2024-10-11",0.0],["2024-10-12",0.0],["2024-10-13",0.0],["2024-10-14",4.87716758],["2024-10-15",0.0],["2024-10-16",0.0],["2024-10-17",1.9455436],["2024-10-18",0.0],["2024-10-19",0.0],["2024-10-20",0.0],["2024-10-21",0.0],["2024-10-22",0.0],["2024-10-23",0.0],["2024-10-24",0.0],["2024-10-25",0.0],["2024-10-26",0.0],["2024-10-27",0.0],["2024-10-28",0.0],["2024-10-29",1.60969571],["2024-10-30",0.0],["2024-10-31",-9.81974658],["2024-11-01",0.0],["2024-11-02",0.0],["2024-11-03",0.0],["2024-11-04",0.0],["2024-11-05",0.0],["2024-11-06",4.40343783],["2024-11-07",0.0],["2024-11-08",0.0],["2024-11-09",0.0],["2024-11-10",0.0],["2024-11-11",0.0],["2024-11-12",0.0],["2024-11-13",0.0],["2024-11-14",0.0],["2024-11-15",0.0],["2024-11-16",0.0],["2024-11-17",0.0],["2024-11-18",0.0],["2024-11-19",0.0],["2024-11-20",0.0],["2024-11-21",-0.19989883],["2024-11-22",0.0],["2024-11-23",0.0],["2024-11-24",0.0],["2024-11-25",0.0],["2024-11-26",0.0],["2024-11-27",0.0],["2024-11-28",0.0],["2024-11-29",0.0],["2024-11-30",0.0],["2024-12-01",0.0],["2024-12-02",0.0],["2024-12-03",2.9881644],["2024-12-04",0.0],["2024-12-05",0.0],["2024-12-06",0.0],["2024-12-07",0.0],["2024-12-08",0.0],["2024-12-09",0.0],["2024-12-10",0.0],["2024-12-11",0.0],["2024-12-12",0.0],["2024-12-13",0.0],["2024-12-14",0.0],["2024-12-15",2.97300767]],"wins":30,"losses":16,"draws":0,"winrate":0.6521739130434783,"holding_avg":"1 day, 19:39:00","holding_avg_s":157140.0,"winner_holding_min":"0d 04:00","winner_holding_min_s":14400.0,"winner_holding_max":"6d 12:00","winner_holding_max_s":561600.0,"winner_holding_avg":"1d 19:04","winner_holding_avg_s":155040.0,"loser_holding_min":"0d 00:00","loser_holding_min_s":0.0,"loser_holding_max":"5d 12:00","loser_holding_max_s":475200.0,"loser_holding_avg":"1d 20:45","loser_holding_avg_s":161100.0,"max_consecutive_wins":11,"max_consecutive_losses":4,"max_drawdown_account":0.009653118899682811,"max_relative_drawdown":0.009653118899682811,"max_drawdown_abs":19.33506681,"drawdown_start":"2024-06-04 08:00:00","drawdown_start_ts":1717488000000.0,"drawdown_end":"2024-07-03 20:00:00","drawdown_end_ts":1720036800000.0,"drawdown_duration":"29 days 12:00:00","drawdown_duration_s":2548800.0,"max_drawdown_low":-16.34856981,"max_drawdown_high":2.986497,"csum_min":1983.65143019,"csum_max":2011.47178325}},"strategy_comparison":[{"key":"EPAAlphaTrend","trades":46,"profit_mean":0.0009290775480394338,"profit_mean_pct":0.09,"profit_total_abs":4.260065470000001,"profit_total":0.0021300327350000006,"profit_total_pct":0.21,"duration_avg":"1 day, 19:39:00","wins":30,"draws":0,"losses":16,"winrate":0.6521739130434783,"cagr":0.0036528296167666063,"expectancy":0.0926101189130435,"expectancy_ratio":0.026428675973560134,"sortino":0.17791771583445515,"sharpe":0.1276989036907972,"calmar":1.9791807175194855,"sqn":0.2076,"profit_factor":1.0759824434239853,"max_drawdown_account":0.009653118899682811,"max_drawdown_abs":"19.335"}]}