{"strategy":{"SMCAIUltimateStrategy":{"trades":[{"pair":"ETH/USDT","stake_amount":49.97941,"max_stake_amount":49.97941,"amount":0.013,"open_date":"2025-10-23 04:45:00+00:00","close_date":"2025-10-23 07:00:00+00:00","open_rate":3844.57,"close_rate":3891.41,"fee_open":0.001,"fee_close":0.001,"trade_duration":135,"profit_ratio":0.010161072641402041,"profit_abs":0.50835226,"exit_reason":"exit_signal","initial_stop_loss_abs":3748.45575,"initial_stop_loss_ratio":-0.025,"stop_loss_abs":3748.45575,"stop_loss_ratio":-0.025,"min_rate":3835.01,"max_rate":3897.0,"is_open":false,"enter_tag":"","leverage":1.0,"is_short":false,"open_timestamp":1761194700000,"close_timestamp":1761202800000,"orders":[{"amount":0.013,"safe_price":3844.57,"ft_order_side":"buy","order_filled_timestamp":1761194700000,"ft_is_entry":true,"ft_order_tag":"","cost":50.02938940999999},{"amount":0.013,"safe_price":3891.41,"ft_order_side":"sell","order_filled_timestamp":1761202800000,"ft_is_entry":false,"ft_order_tag":"exit_signal","cost":50.638918329999996}],"funding_fees":0.0,"weekday":3},{"pair":"BTC/USDT","stake_amount":49.3735455,"max_stake_amount":49.3735455,"amount":0.00045,"open_date":"2025-10-23 08:15:00+00:00","close_date":"2025-10-24 12:30:00+00:00","open_rate":109718.99,"close_rate":111586.07991991991,"fee_open":0.001,"fee_close":0.001,"trade_duration":1695,"profit_ratio":0.014985014934431166,"profit_abs":0.74060318,"exit_reason":"roi","initial_stop_loss_abs":106976.01525,"initial_stop_loss_ratio":-0.025,"stop_loss_abs":106976.01525,"stop_loss_ratio":-0.025,"min_rate":108685.72,"max_rate":112104.98,"is_open":false,"enter_tag":"","leverage":1.0,"is_short":false,"open_timestamp":1761207300000,"close_timestamp":1761309000000,"orders":[{"amount":0.00045,"safe_price":109718.99,"ft_order_side":"buy","order_filled_timestamp":1761207300000,"ft_is_entry":true,"ft_order_tag":"","cost":49.422919045499995},{"amount":0.00045,"safe_price":111586.07991991991,"ft_order_side":"sell","order_filled_timestamp":1761309000000,"ft_is_entry":false,"ft_order_tag":"roi","cost":50.26394969992791}],"funding_fees":0.0,"weekday":4},{"pair":"ETH/USDT","stake_amount":49.989232,"max_stake_amount":49.989232,"amount":0.0127,"open_date":"2025-10-24 08:30:00+00:00","close_date":"2025-10-24 12:30:00+00:00","open_rate":3936.16,"close_rate":4003.141701701701,"fee_open":0.001,"fee_close":0.001,"trade_duration":240,"profit_ratio":0.014985014985014984,"profit_abs":0.74983848,"exit_reason":"roi","initial_stop_loss_abs":3837.756,"initial_stop_loss_ratio":-0.025,"stop_loss_abs":3978.07332,"stop_loss_ratio":-0.012,"min_rate":3925.83,"max_rate":4026.39,"is_open":false,"enter_tag":"","leverage":1.0,"is_short":false,"open_timestamp":1761294600000,"close_timestamp":1761309000000,"orders":[{"amount":0.0127,"safe_price":3936.16,"ft_order_side":"buy","order_filled_timestamp":1761294600000,"ft_is_entry":true,"ft_order_tag":"","cost":50.03922123199999},{"amount":0.0127,"safe_price":4003.141701701701,"ft_order_side":"sell","order_filled_timestamp":1761309000000,"ft_is_entry":false,"ft_order_tag":"roi","cost":50.8907395112232}],"funding_fees":0.0,"weekday":4},{"pair":"ETH/USDT","stake_amount":49.638456,"max_stake_amount":49.638456,"amount":0.0126,"open_date":"2025-10-25 08:30:00+00:00","close_date":"2025-10-25 16:45:00+00:00","open_rate":3939.56,"close_rate":3929.63,"fee_open":0.001,"fee_close":0.001,"trade_duration":495,"profit_ratio":-0.004513551836820715,"profit_abs":-0.22426979,"exit_reason":"exit_signal","initial_stop_loss_abs":3841.071,"initial_stop_loss_ratio":-0.025,"stop_loss_abs":3841.071,"stop_loss_ratio":-0.025,"min_rate":3924.2,"max_rate":3956.59,"is_open":false,"enter_tag":"","leverage":1.0,"is_short":false,"open_timestamp":1761381000000,"close_timestamp":1761410700000,"orders":[{"amount":0.0126,"safe_price":3939.56,"ft_order_side":"buy","order_filled_timestamp":1761381000000,"ft_is_entry":true,"ft_order_tag":"","cost":49.688094455999995},{"amount":0.0126,"safe_price":3929.63,"ft_order_side":"sell","order_filled_timestamp":1761410700000,"ft_is_entry":false,"ft_order_tag":"exit_signal","cost":49.562851338}],"funding_fees":0.0,"weekday":5},{"pair":"BTC/USDT","stake_amount":48.9745652,"max_stake_amount":48.9745652,"amount":0.00044,"open_date":"2025-10-25 04:30:00+00:00","close_date":"2025-10-26 03:45:00+00:00","open_rate":111305.83,"close_rate":111282.38,"fee_open":0.001,"fee_close":0.001,"trade_duration":1395,"profit_ratio":-0.0022082617966491173,"profit_abs":-0.10825681,"exit_reason":"exit_signal","initial_stop_loss_abs":108523.18425,"initial_stop_loss_ratio":-0.025,"stop_loss_abs":108523.18425,"stop_loss_ratio":-0.025,"min_rate":111093.99,"max_rate":111943.19,"is_open":false,"enter_tag":"","leverage":1.0,"is_short":false,"open_timestamp":1761366600000,"close_timestamp":1761450300000,"orders":[{"amount":0.00044,"safe_price":111305.83,"ft_order_side":"buy","order_filled_timestamp":1761366600000,"ft_is_entry":true,"ft_order_tag":"","cost":49.02353976519999},{"amount":0.00044,"safe_price":111282.38,"ft_order_side":"sell","order_filled_timestamp":1761450300000,"ft_is_entry":false,"ft_order_tag":"exit_signal","cost":49.0132114472}],"funding_fees":0.0,"weekday":6},{"pair":"ETH/USDT","stake_amount":49.764375,"max_stake_amount":49.764375,"amount":0.0125,"open_date":"2025-10-26 11:15:00+00:00","close_date":"2025-10-26 11:45:00+00:00","open_rate":3981.15,"close_rate":4042.2,"fee_open":0.001,"fee_close":0.001,"trade_duration":30,"profit_ratio":0.013306124090796862,"profit_abs":0.66283312,"exit_reason":"exit_signal","initial_stop_loss_abs":3881.62125,"initial_stop_loss_ratio":-0.025,"stop_loss_abs":3881.62125,"stop_loss_ratio":-0.025,"min_rate":3981.14,"max_rate":4054.97,"is_open":false,"enter_tag":"","leverage":1.0,"is_short":false,"open_timestamp":1761477300000,"close_timestamp":1761479100000,"orders":[{"amount":0.0125,"safe_price":3981.15,"ft_order_side":"buy","order_filled_timestamp":1761477300000,"ft_is_entry":true,"ft_order_tag":"","cost":49.814139374999996},{"amount":0.0125,"safe_price":4042.2,"ft_order_side":"sell","order_filled_timestamp":1761479100000,"ft_is_entry":false,"ft_order_tag":"exit_signal","cost":50.5780275}],"funding_fees":0.0,"weekday":6},{"pair":"BTC/USDT","stake_amount":49.7710681,"max_stake_amount":49.7710681,"amount":0.00043,"open_date":"2025-10-27 06:30:00+00:00","close_date":"2025-10-27 20:45:00+00:00","open_rate":115746.67,"close_rate":114649.03,"fee_open":0.001,"fee_close":0.001,"trade_duration":855,"profit_ratio":-0.0114621784685964,"profit_abs":-0.57105535,"exit_reason":"exit_signal","initial_stop_loss_abs":112853.00325,"initial_stop_loss_ratio":-0.025,"stop_loss_abs":112853.00325,"stop_loss_ratio":-0.025,"min_rate":114408.0,"max_rate":116400.0,"is_open":false,"enter_tag":"","leverage":1.0,"is_short":false,"open_timestamp":1761546600000,"close_timestamp":1761597900000,"orders":[{"amount":0.00043,"safe_price":115746.67,"ft_order_side":"buy","order_filled_timestamp":1761546600000,"ft_is_entry":true,"ft_order_tag":"","cost":49.820839168099994},{"amount":0.00043,"safe_price":114649.03,"ft_order_side":"sell","order_filled_timestamp":1761597900000,"ft_is_entry":false,"ft_order_tag":"exit_signal","cost":49.34838198289999}],"funding_fees":0.0,"weekday":0},{"pair":"BTC/USDT","stake_amount":49.3525706,"max_stake_amount":49.3525706,"amount":0.00043,"open_date":"2025-10-28 14:45:00+00:00","close_date":"2025-10-28 19:30:00+00:00","open_rate":114773.42,"close_rate":113717.0,"fee_open":0.001,"fee_close":0.001,"trade_duration":285,"profit_ratio":-0.011184007515092244,"profit_abs":-0.55251148,"exit_reason":"exit_signal","initial_stop_loss_abs":111904.0845,"initial_stop_loss_ratio":-0.025,"stop_loss_abs":111904.0845,"stop_loss_ratio":-0.025,"min_rate":113589.46,"max_rate":115591.41,"is_open":false,"enter_tag":"","leverage":1.0,"is_short":false,"open_timestamp":1761662700000,"close_timestamp":1761679800000,"orders":[{"amount":0.00043,"safe_price":114773.42,"ft_order_side":"buy","order_filled_timestamp":1761662700000,"ft_is_entry":true,"ft_order_tag":"","cost":49.40192317059999},{"amount":0.00043,"safe_price":113717.0,"ft_order_side":"sell","order_filled_timestamp":1761679800000,"ft_is_entry":false,"ft_order_tag":"exit_signal","cost":48.94720830999999}],"funding_fees":0.0,"weekday":1},{"pair":"ETH/USDT","stake_amount":49.974729,"max_stake_amount":49.974729,"amount":0.0129,"open_date":"2025-10-31 12:00:00+00:00","close_date":"2025-10-31 17:00:00+00:00","open_rate":3874.01,"close_rate":3822.67,"fee_open":0.001,"fee_close":0.001,"trade_duration":300,"profit_ratio":-0.015223941637429543,"profit_abs":-0.76157317,"exit_reason":"exit_signal","initial_stop_loss_abs":3777.1597500000003,"initial_stop_loss_ratio":-0.025,"stop_loss_abs":3777.1597500000003,"stop_loss_ratio":-0.025,"min_rate":3813.05,"max_rate":3888.0,"is_open":false,"enter_tag":"","leverage":1.0,"is_short":false,"open_timestamp":1761912000000,"close_timestamp":1761930000000,"orders":[{"amount":0.0129,"safe_price":3874.01,"ft_order_side":"buy","order_filled_timestamp":1761912000000,"ft_is_entry":true,"ft_order_tag":"","cost":50.024703728999995},{"amount":0.0129,"safe_price":3822.67,"ft_order_side":"sell","order_filled_timestamp":1761930000000,"ft_is_entry":false,"ft_order_tag":"exit_signal","cost":49.361755443}],"funding_fees":0.0,"weekday":4},{"pair":"BTC/USDT","stake_amount":49.855563,"max_stake_amount":49.855563,"amount":0.00045,"open_date":"2025-10-31 15:00:00+00:00","close_date":"2025-10-31 17:00:00+00:00","open_rate":110790.14,"close_rate":108845.4,"fee_open":0.001,"fee_close":0.001,"trade_duration":120,"profit_ratio":-0.019516297389039497,"profit_abs":-0.97396899,"exit_reason":"exit_signal","initial_stop_loss_abs":108020.3865,"initial_stop_loss_ratio":-0.025,"stop_loss_abs":108020.3865,"stop_loss_ratio":-0.025,"min_rate":108635.77,"max_rate":111190.0,"is_open":false,"enter_tag":"","leverage":1.0,"is_short":false,"open_timestamp":1761922800000,"close_timestamp":1761930000000,"orders":[{"amount":0.00045,"safe_price":110790.14,"ft_order_side":"buy","order_filled_timestamp":1761922800000,"ft_is_entry":true,"ft_order_tag":"","cost":49.90541856299999},{"amount":0.00045,"safe_price":108845.4,"ft_order_side":"sell","order_filled_timestamp":1761930000000,"ft_is_entry":false,"ft_order_tag":"exit_signal","cost":49.02941042999999}],"funding_fees":0.0,"weekday":4},{"pair":"BTC/USDT","stake_amount":49.6397925,"max_stake_amount":49.6397925,"amount":0.00045,"open_date":"2025-11-01 16:00:00+00:00","close_date":"2025-11-02 00:00:00+00:00","open_rate":110310.65,"close_rate":110098.1,"fee_open":0.001,"fee_close":0.001,"trade_duration":480,"profit_ratio":-0.0039209834166168845,"profit_abs":-0.19483144,"exit_reason":"exit_signal","initial_stop_loss_abs":107552.88375,"initial_stop_loss_ratio":-0.025,"stop_loss_abs":107552.88375,"stop_loss_ratio":-0.025,"min_rate":109858.44,"max_rate":110529.99,"is_open":false,"enter_tag":"","leverage":1.0,"is_short":false,"open_timestamp":1762012800000,"close_timestamp":1762041600000,"orders":[{"amount":0.00045,"safe_price":110310.65,"ft_order_side":"buy","order_filled_timestamp":1762012800000,"ft_is_entry":true,"ft_order_tag":"","cost":49.689432292499994},{"amount":0.00045,"safe_price":110098.1,"ft_order_side":"sell","order_filled_timestamp":1762041600000,"ft_is_entry":false,"ft_order_tag":"exit_signal","cost":49.59368914499999}],"funding_fees":0.0,"weekday":6},{"pair":"ETH/USDT","stake_amount":49.831936,"max_stake_amount":49.831936,"amount":0.0128,"open_date":"2025-11-01 15:15:00+00:00","close_date":"2025-11-02 00:30:00+00:00","open_rate":3893.12,"close_rate":3866.57,"fee_open":0.001,"fee_close":0.001,"trade_duration":555,"profit_ratio":-0.00880409913625079,"profit_abs":-0.43916403,"exit_reason":"exit_signal","initial_stop_loss_abs":3795.792,"initial_stop_loss_ratio":-0.025,"stop_loss_abs":3795.792,"stop_loss_ratio":-0.025,"min_rate":3861.71,"max_rate":3909.39,"is_open":false,"enter_tag":"","leverage":1.0,"is_short":false,"open_timestamp":1762010100000,"close_timestamp":1762043400000,"orders":[{"amount":0.0128,"safe_price":3893.12,"ft_order_side":"buy","order_filled_timestamp":1762010100000,"ft_is_entry":true,"ft_order_tag":"","cost":49.881767935999996},{"amount":0.0128,"safe_price":3866.57,"ft_order_side":"sell","order_filled_timestamp":1762043400000,"ft_is_entry":false,"ft_order_tag":"exit_signal","cost":49.541588096}],"funding_fees":0.0,"weekday":6},{"pair":"ETH/USDT","stake_amount":49.832576,"max_stake_amount":49.832576,"amount":0.0128,"open_date":"2025-11-02 04:45:00+00:00","close_date":"2025-11-02 05:00:00+00:00","open_rate":3893.17,"close_rate":3908.24,"fee_open":0.001,"fee_close":0.001,"trade_duration":15,"profit_ratio":0.0018651455023116802,"profit_abs":0.09303795,"exit_reason":"exit_signal","initial_stop_loss_abs":3795.84075,"initial_stop_loss_ratio":-0.025,"stop_loss_abs":3795.84075,"stop_loss_ratio":-0.025,"min_rate":3891.61,"max_rate":3913.58,"is_open":false,"enter_tag":"","leverage":1.0,"is_short":false,"open_timestamp":1762058700000,"close_timestamp":1762059600000,"orders":[{"amount":0.0128,"safe_price":3893.17,"ft_order_side":"buy","order_filled_timestamp":1762058700000,"ft_is_entry":true,"ft_order_tag":"","cost":49.882408575999996},{"amount":0.0128,"safe_price":3908.24,"ft_order_side":"sell","order_filled_timestamp":1762059600000,"ft_is_entry":false,"ft_order_tag":"exit_signal","cost":50.075497471999995}],"funding_fees":0.0,"weekday":6},{"pair":"ETH/USDT","stake_amount":49.932416,"max_stake_amount":49.932416,"amount":0.0128,"open_date":"2025-11-02 06:45:00+00:00","close_date":"2025-11-02 10:45:00+00:00","open_rate":3900.97,"close_rate":3859.4,"fee_open":0.001,"fee_close":0.001,"trade_duration":240,"profit_ratio":-0.012633034661450031,"profit_abs":-0.63142874,"exit_reason":"exit_signal","initial_stop_loss_abs":3803.44575,"initial_stop_loss_ratio":-0.025,"stop_loss_abs":3803.44575,"stop_loss_ratio":-0.025,"min_rate":3853.76,"max_rate":3918.23,"is_open":false,"enter_tag":"","leverage":1.0,"is_short":false,"open_timestamp":1762065900000,"close_timestamp":1762080300000,"orders":[{"amount":0.0128,"safe_price":3900.97,"ft_order_side":"buy","order_filled_timestamp":1762065900000,"ft_is_entry":true,"ft_order_tag":"","cost":49.982348415999994},{"amount":0.0128,"safe_price":3859.4,"ft_order_side":"sell","order_filled_timestamp":1762080300000,"ft_is_entry":false,"ft_order_tag":"exit_signal","cost":49.44972032}],"funding_fees":0.0,"weekday":6},{"pair":"BTC/USDT","stake_amount":48.9266756,"max_stake_amount":48.9266756,"amount":0.00044,"open_date":"2025-11-02 12:00:00+00:00","close_date":"2025-11-02 14:30:00+00:00","open_rate":111196.99,"close_rate":110308.0,"fee_open":0.001,"fee_close":0.001,"trade_duration":150,"profit_ratio":-0.009976759392368575,"profit_abs":-0.4886178,"exit_reason":"exit_signal","initial_stop_loss_abs":108417.06525,"initial_stop_loss_ratio":-0.025,"stop_loss_abs":108417.06525,"stop_loss_ratio":-0.025,"min_rate":110173.84,"max_rate":111250.01,"is_open":false,"enter_tag":"","leverage":1.0,"is_short":false,"open_timestamp":1762084800000,"close_timestamp":1762093800000,"orders":[{"amount":0.00044,"safe_price":111196.99,"ft_order_side":"buy","order_filled_timestamp":1762084800000,"ft_is_entry":true,"ft_order_tag":"","cost":48.9756022756},{"amount":0.00044,"safe_price":110308.0,"ft_order_side":"sell","order_filled_timestamp":1762093800000,"ft_is_entry":false,"ft_order_tag":"exit_signal","cost":48.58405551999999}],"funding_fees":0.0,"weekday":6},{"pair":"ETH/USDT","stake_amount":49.9728,"max_stake_amount":49.9728,"amount":0.015,"open_date":"2025-11-05 13:30:00+00:00","close_date":"2025-11-05 15:30:00+00:00","open_rate":3331.52,"close_rate":3388.2125325325324,"fee_open":0.001,"fee_close":0.001,"trade_duration":120,"profit_ratio":0.014985014985014986,"profit_abs":0.749592,"exit_reason":"roi","initial_stop_loss_abs":3248.232,"initial_stop_loss_ratio":-0.025,"stop_loss_abs":3248.232,"stop_loss_ratio":-0.025,"min_rate":3319.44,"max_rate":3395.0,"is_open":false,"enter_tag":"","leverage":1.0,"is_short":false,"open_timestamp":1762349400000,"close_timestamp":1762356600000,"orders":[{"amount":0.015,"safe_price":3331.52,"ft_order_side":"buy","order_filled_timestamp":1762349400000,"ft_is_entry":true,"ft_order_tag":"","cost":50.02277279999999},{"amount":0.015,"safe_price":3388.2125325325324,"ft_order_side":"sell","order_filled_timestamp":1762356600000,"ft_is_entry":false,"ft_order_tag":"roi","cost":50.874011175975966}],"funding_fees":0.0,"weekday":2},{"pair":"ETH/USDT","stake_amount":49.725102,"max_stake_amount":49.725102,"amount":0.0147,"open_date":"2025-11-05 15:45:00+00:00","close_date":"2025-11-05 18:00:00+00:00","open_rate":3382.66,"close_rate":3440.2227827827824,"fee_open":0.001,"fee_close":0.001,"trade_duration":135,"profit_ratio":0.014985014985014984,"profit_abs":0.74587653,"exit_reason":"roi","initial_stop_loss_abs":3298.0935,"initial_stop_loss_ratio":-0.025,"stop_loss_abs":3298.0935,"stop_loss_ratio":-0.025,"min_rate":3370.82,"max_rate":3447.42,"is_open":false,"enter_tag":"","leverage":1.0,"is_short":false,"open_timestamp":1762357500000,"close_timestamp":1762365600000,"orders":[{"amount":0.0147,"safe_price":3382.66,"ft_order_side":"buy","order_filled_timestamp":1762357500000,"ft_is_entry":true,"ft_order_tag":"","cost":49.774827101999996},{"amount":0.0147,"safe_price":3440.2227827827824,"ft_order_side":"sell","order_filled_timestamp":1762365600000,"ft_is_entry":false,"ft_order_tag":"roi","cost":50.6218461818138}],"funding_fees":0.0,"weekday":2},{"pair":"BTC/USDT","stake_amount":49.21488,"max_stake_amount":49.21488,"amount":0.00048,"open_date":"2025-11-05 12:30:00+00:00","close_date":"2025-11-05 18:30:00+00:00","open_rate":102531.0,"close_rate":104275.77177177176,"fee_open":0.001,"fee_close":0.001,"trade_duration":360,"profit_ratio":0.014985014985014984,"profit_abs":0.7382232,"exit_reason":"roi","initial_stop_loss_abs":99967.72499999999,"initial_stop_loss_ratio":-0.025,"stop_loss_abs":99967.72499999999,"stop_loss_ratio":-0.025,"min_rate":102169.06,"max_rate":104285.67,"is_open":false,"enter_tag":"","leverage":1.0,"is_short":false,"open_timestamp":1762345800000,"close_timestamp":1762367400000,"orders":[{"amount":0.00048,"safe_price":102531.0,"ft_order_side":"buy","order_filled_timestamp":1762345800000,"ft_is_entry":true,"ft_order_tag":"","cost":49.264094879999995},{"amount":0.00048,"safe_price":104275.77177177176,"ft_order_side":"sell","order_filled_timestamp":1762367400000,"ft_is_entry":false,"ft_order_tag":"roi","cost":50.10242282090089}],"funding_fees":0.0,"weekday":2},{"pair":"ETH/USDT","stake_amount":49.737916,"max_stake_amount":49.737916,"amount":0.0148,"open_date":"2025-11-07 05:15:00+00:00","close_date":"2025-11-07 09:45:00+00:00","open_rate":3360.67,"close_rate":3294.69,"fee_open":0.001,"fee_close":0.001,"trade_duration":270,"profit_ratio":-0.021591765135463268,"profit_abs":-1.07500333,"exit_reason":"exit_signal","initial_stop_loss_abs":3276.65325,"initial_stop_loss_ratio":-0.025,"stop_loss_abs":3276.65325,"stop_loss_ratio":-0.025,"min_rate":3289.75,"max_rate":3369.99,"is_open":false,"enter_tag":"","leverage":1.0,"is_short":false,"open_timestamp":1762492500000,"close_timestamp":1762508700000,"orders":[{"amount":0.0148,"safe_price":3360.67,"ft_order_side":"buy","order_filled_timestamp":1762492500000,"ft_is_entry":true,"ft_order_tag":"","cost":49.787653916000004},{"amount":0.0148,"safe_price":3294.69,"ft_order_side":"sell","order_filled_timestamp":1762508700000,"ft_is_entry":false,"ft_order_tag":"exit_signal","cost":48.810173412}],"funding_fees":0.0,"weekday":4},{"pair":"BTC/USDT","stake_amount":49.0017168,"max_stake_amount":49.0017168,"amount":0.00048,"open_date":"2025-11-09 13:00:00+00:00","close_date":"2025-11-09 14:00:00+00:00","open_rate":102086.91,"close_rate":102911.4,"fee_open":0.001,"fee_close":0.001,"trade_duration":60,"profit_ratio":0.0060622151722029265,"profit_abs":0.29735601,"exit_reason":"exit_signal","initial_stop_loss_abs":99534.73725,"initial_stop_loss_ratio":-0.025,"stop_loss_abs":99534.73725,"stop_loss_ratio":-0.025,"min_rate":102067.09,"max_rate":103211.41,"is_open":false,"enter_tag":"","leverage":1.0,"is_short":false,"open_timestamp":1762693200000,"close_timestamp":1762696800000,"orders":[{"amount":0.00048,"safe_price":102086.91,"ft_order_side":"buy","order_filled_timestamp":1762693200000,"ft_is_entry":true,"ft_order_tag":"","cost":49.050718516799996},{"amount":0.00048,"safe_price":102911.4,"ft_order_side":"sell","order_filled_timestamp":1762696800000,"ft_is_entry":false,"ft_order_tag":"exit_signal","cost":49.446869471999996}],"funding_fees":0.0,"weekday":6},{"pair":"ETH/USDT","stake_amount":49.704695,"max_stake_amount":49.704695,"amount":0.0145,"open_date":"2025-11-09 09:15:00+00:00","close_date":"2025-11-09 14:15:00+00:00","open_rate":3427.91,"close_rate":3486.242802802802,"fee_open":0.001,"fee_close":0.001,"trade_duration":300,"profit_ratio":0.01498501488452136,"profit_abs":0.74557042,"exit_reason":"roi","initial_stop_loss_abs":3342.2122499999996,"initial_stop_loss_ratio":-0.025,"stop_loss_abs":3511.846,"stop_loss_ratio":-0.012,"min_rate":3382.35,"max_rate":3554.5,"is_open":false,"enter_tag":"","leverage":1.0,"is_short":false,"open_timestamp":1762679700000,"close_timestamp":1762697700000,"orders":[{"amount":0.0145,"safe_price":3427.91,"ft_order_side":"buy","order_filled_timestamp":1762679700000,"ft_is_entry":true,"ft_order_tag":"","cost":49.754399695},{"amount":0.0145,"safe_price":3486.242802802802,"ft_order_side":"sell","order_filled_timestamp":1762697700000,"ft_is_entry":false,"ft_order_tag":"roi","cost":50.60107116128127}],"funding_fees":0.0,"weekday":6},{"pair":"BTC/USDT","stake_amount":48.9887862,"max_stake_amount":48.9887862,"amount":0.00047,"open_date":"2025-11-09 19:15:00+00:00","close_date":"2025-11-10 00:30:00+00:00","open_rate":104231.46,"close_rate":106005.16852852853,"fee_open":0.001,"fee_close":0.001,"trade_duration":315,"profit_ratio":0.014985014923837659,"profit_abs":0.73483179,"exit_reason":"roi","initial_stop_loss_abs":101625.6735,"initial_stop_loss_ratio":-0.025,"stop_loss_abs":101625.6735,"stop_loss_ratio":-0.025,"min_rate":104058.59,"max_rate":106042.44,"is_open":false,"enter_tag":"","leverage":1.0,"is_short":false,"open_timestamp":1762715700000,"close_timestamp":1762734600000,"orders":[{"amount":0.00047,"safe_price":104231.46,"ft_order_side":"buy","order_filled_timestamp":1762715700000,"ft_is_entry":true,"ft_order_tag":"","cost":49.03777498619999},{"amount":0.00047,"safe_price":106005.16852852853,"ft_order_side":"sell","order_filled_timestamp":1762734600000,"ft_is_entry":false,"ft_order_tag":"roi","cost":49.87225163761681}],"funding_fees":0.0,"weekday":0},{"pair":"ETH/USDT","stake_amount":49.735247,"max_stake_amount":49.735247,"amount":0.0137,"open_date":"2025-11-11 02:45:00+00:00","close_date":"2025-11-11 06:00:00+00:00","open_rate":3630.31,"close_rate":3539.5522499999997,"fee_open":0.001,"fee_close":0.001,"trade_duration":195,"profit_ratio":-0.02694805199173982,"profit_abs":-1.34160829,"exit_reason":"stop_loss","initial_stop_loss_abs":3539.5522499999997,"initial_stop_loss_ratio":-0.025,"stop_loss_abs":3539.5522499999997,"stop_loss_ratio":-0.025,"min_rate":3532.2,"max_rate":3635.27,"is_open":false,"enter_tag":"","leverage":1.0,"is_short":false,"open_timestamp":1762829100000,"close_timestamp":1762840800000,"orders":[{"amount":0.0137,"safe_price":3630.31,"ft_order_side":"buy","order_filled_timestamp":1762829100000,"ft_is_entry":true,"ft_order_tag":"","cost":49.784982246999995},{"amount":0.0137,"safe_price":3539.5522499999997,"ft_order_side":"sell","order_filled_timestamp":1762840800000,"ft_is_entry":false,"ft_order_tag":"stop_loss","cost":48.54035769082499}],"funding_fees":0.0,"weekday":1},{"pair":"ETH/USDT","stake_amount":49.701136,"max_stake_amount":49.701136,"amount":0.0142,"open_date":"2025-11-12 10:15:00+00:00","close_date":"2025-11-12 10:45:00+00:00","open_rate":3500.08,"close_rate":3530.57,"fee_open":0.001,"fee_close":0.001,"trade_duration":30,"profit_ratio":0.0066958224057490365,"profit_abs":0.33312277,"exit_reason":"exit_signal","initial_stop_loss_abs":3412.578,"initial_stop_loss_ratio":-0.025,"stop_loss_abs":3412.578,"stop_loss_ratio":-0.025,"min_rate":3495.04,"max_rate":3548.6,"is_open":false,"enter_tag":"","leverage":1.0,"is_short":false,"open_timestamp":1762942500000,"close_timestamp":1762944300000,"orders":[{"amount":0.0142,"safe_price":3500.08,"ft_order_side":"buy","order_filled_timestamp":1762942500000,"ft_is_entry":true,"ft_order_tag":"","cost":49.750837136},{"amount":0.0142,"safe_price":3530.57,"ft_order_side":"sell","order_filled_timestamp":1762944300000,"ft_is_entry":false,"ft_order_tag":"exit_signal","cost":50.184228094}],"funding_fees":0.0,"weekday":2},{"pair":"BTC/USDT","stake_amount":49.8159696,"max_stake_amount":49.8159696,"amount":0.00048,"open_date":"2025-11-13 07:15:00+00:00","close_date":"2025-11-13 13:45:00+00:00","open_rate":103783.27,"close_rate":102537.88,"fee_open":0.001,"fee_close":0.001,"trade_duration":390,"profit_ratio":-0.013973937080113056,"profit_abs":-0.69682135,"exit_reason":"exit_signal","initial_stop_loss_abs":101188.68825,"initial_stop_loss_ratio":-0.025,"stop_loss_abs":101188.68825,"stop_loss_ratio":-0.025,"min_rate":102150.0,"max_rate":104085.01,"is_open":false,"enter_tag":"","leverage":1.0,"is_short":false,"open_timestamp":1763018100000,"close_timestamp":1763041500000,"orders":[{"amount":0.00048,"safe_price":103783.27,"ft_order_side":"buy","order_filled_timestamp":1763018100000,"ft_is_entry":true,"ft_order_tag":"","cost":49.8657855696},{"amount":0.00048,"safe_price":102537.88,"ft_order_side":"sell","order_filled_timestamp":1763041500000,"ft_is_entry":false,"ft_order_tag":"exit_signal","cost":49.2674005824}],"funding_fees":0.0,"weekday":3},{"pair":"ETH/USDT","stake_amount":49.832345,"max_stake_amount":49.832345,"amount":0.0155,"open_date":"2025-11-15 18:00:00+00:00","close_date":"2025-11-15 21:45:00+00:00","open_rate":3214.99,"close_rate":3157.5,"fee_open":0.001,"fee_close":0.001,"trade_duration":225,"profit_ratio":-0.019844133770540402,"profit_abs":-0.9898686,"exit_reason":"exit_signal","initial_stop_loss_abs":3134.61525,"initial_stop_loss_ratio":-0.025,"stop_loss_abs":3134.61525,"stop_loss_ratio":-0.025,"min_rate":3152.75,"max_rate":3230.0,"is_open":false,"enter_tag":"","leverage":1.0,"is_short":false,"open_timestamp":1763229600000,"close_timestamp":1763243100000,"orders":[{"amount":0.0155,"safe_price":3214.99,"ft_order_side":"buy","order_filled_timestamp":1763229600000,"ft_is_entry":true,"ft_order_tag":"","cost":49.88217734499999},{"amount":0.0155,"safe_price":3157.5,"ft_order_side":"sell","order_filled_timestamp":1763243100000,"ft_is_entry":false,"ft_order_tag":"exit_signal","cost":48.99019124999999}],"funding_fees":0.0,"weekday":5},{"pair":"BTC/USDT","stake_amount":49.0604649,"max_stake_amount":49.0604649,"amount":0.00051,"open_date":"2025-11-16 09:45:00+00:00","close_date":"2025-11-16 13:30:00+00:00","open_rate":96196.99,"close_rate":95390.01,"fee_open":0.001,"fee_close":0.001,"trade_duration":225,"profit_ratio":-0.01037006906941091,"profit_abs":-0.50926917,"exit_reason":"exit_signal","initial_stop_loss_abs":93792.06525,"initial_stop_loss_ratio":-0.025,"stop_loss_abs":93792.06525,"stop_loss_ratio":-0.025,"min_rate":95205.74,"max_rate":96635.11,"is_open":false,"enter_tag":"","leverage":1.0,"is_short":false,"open_timestamp":1763286300000,"close_timestamp":1763299800000,"orders":[{"amount":0.00051,"safe_price":96196.99,"ft_order_side":"buy","order_filled_timestamp":1763286300000,"ft_is_entry":true,"ft_order_tag":"","cost":49.1095253649},{"amount":0.00051,"safe_price":95390.01,"ft_order_side":"sell","order_filled_timestamp":1763299800000,"ft_is_entry":false,"ft_order_tag":"exit_signal","cost":48.697554005099995}],"funding_fees":0.0,"weekday":6},{"pair":"ETH/USDT","stake_amount":49.800192,"max_stake_amount":49.800192,"amount":0.0156,"open_date":"2025-11-17 04:30:00+00:00","close_date":"2025-11-17 13:15:00+00:00","open_rate":3192.32,"close_rate":3165.42,"fee_open":0.001,"fee_close":0.001,"trade_duration":525,"profit_ratio":-0.01040763934328682,"profit_abs":-0.51882074,"exit_reason":"exit_signal","initial_stop_loss_abs":3112.512,"initial_stop_loss_ratio":-0.025,"stop_loss_abs":3112.512,"stop_loss_ratio":-0.025,"min_rate":3144.74,"max_rate":3223.38,"is_open":false,"enter_tag":"","leverage":1.0,"is_short":false,"open_timestamp":1763353800000,"close_timestamp":1763385300000,"orders":[{"amount":0.0156,"safe_price":3192.32,"ft_order_side":"buy","order_filled_timestamp":1763353800000,"ft_is_entry":true,"ft_order_tag":"","cost":49.849992191999995},{"amount":0.0156,"safe_price":3165.42,"ft_order_side":"sell","order_filled_timestamp":1763385300000,"ft_is_entry":false,"ft_order_tag":"exit_signal","cost":49.429932552}],"funding_fees":0.0,"weekday":0},{"pair":"BTC/USDT","stake_amount":49.7908112,"max_stake_amount":49.7908112,"amount":0.00052,"open_date":"2025-11-17 07:45:00+00:00","close_date":"2025-11-17 14:00:00+00:00","open_rate":95751.56,"close_rate":93959.78,"fee_open":0.001,"fee_close":0.001,"trade_duration":375,"profit_ratio":-0.020673416018700132,"profit_abs":-1.0303755,"exit_reason":"exit_signal","initial_stop_loss_abs":93357.771,"initial_stop_loss_ratio":-0.025,"stop_loss_abs":93357.771,"stop_loss_ratio":-0.025,"min_rate":93571.3,"max_rate":96026.71,"is_open":false,"enter_tag":"","leverage":1.0,"is_short":false,"open_timestamp":1763365500000,"close_timestamp":1763388000000,"orders":[{"amount":0.00052,"safe_price":95751.56,"ft_order_side":"buy","order_filled_timestamp":1763365500000,"ft_is_entry":true,"ft_order_tag":"","cost":49.84060201119999},{"amount":0.00052,"safe_price":93959.78,"ft_order_side":"sell","order_filled_timestamp":1763388000000,"ft_is_entry":false,"ft_order_tag":"exit_signal","cost":48.907944685599986}],"funding_fees":0.0,"weekday":0},{"pair":"ETH/USDT","stake_amount":49.74784,"max_stake_amount":49.74784,"amount":0.016,"open_date":"2025-11-18 15:30:00+00:00","close_date":"2025-11-18 16:30:00+00:00","open_rate":3109.24,"close_rate":3156.81,"fee_open":0.001,"fee_close":0.001,"trade_duration":60,"profit_ratio":0.013270988187688088,"profit_abs":0.6608632,"exit_reason":"exit_signal","initial_stop_loss_abs":3031.5089999999996,"initial_stop_loss_ratio":-0.025,"stop_loss_abs":3031.5089999999996,"stop_loss_ratio":-0.025,"min_rate":3095.01,"max_rate":3168.91,"is_open":false,"enter_tag":"","leverage":1.0,"is_short":false,"open_timestamp":1763479800000,"close_timestamp":1763483400000,"orders":[{"amount":0.016,"safe_price":3109.24,"ft_order_side":"buy","order_filled_timestamp":1763479800000,"ft_is_entry":true,"ft_order_tag":"","cost":49.79758783999999},{"amount":0.016,"safe_price":3156.81,"ft_order_side":"sell","order_filled_timestamp":1763483400000,"ft_is_entry":false,"ft_order_tag":"exit_signal","cost":50.55946896}],"funding_fees":0.0,"weekday":1},{"pair":"BTC/USDT","stake_amount":49.1848639,"max_stake_amount":49.1848639,"amount":0.00053,"open_date":"2025-11-18 15:30:00+00:00","close_date":"2025-11-19 03:45:00+00:00","open_rate":92801.63,"close_rate":91892.53,"fee_open":0.001,"fee_close":0.001,"trade_duration":735,"profit_ratio":-0.011774593285634126,"profit_abs":-0.5797109,"exit_reason":"exit_signal","initial_stop_loss_abs":90481.58925,"initial_stop_loss_ratio":-0.025,"stop_loss_abs":90481.58925,"stop_loss_ratio":-0.025,"min_rate":91660.49,"max_rate":93836.01,"is_open":false,"enter_tag":"","leverage":1.0,"is_short":false,"open_timestamp":1763479800000,"close_timestamp":1763523900000,"orders":[{"amount":0.00053,"safe_price":92801.63,"ft_order_side":"buy","order_filled_timestamp":1763479800000,"ft_is_entry":true,"ft_order_tag":"","cost":49.2340487639},{"amount":0.00053,"safe_price":91892.53,"ft_order_side":"sell","order_filled_timestamp":1763523900000,"ft_is_entry":false,"ft_order_tag":"exit_signal","cost":48.75174394089999}],"funding_fees":0.0,"weekday":2},{"pair":"ETH/USDT","stake_amount":49.746427,"max_stake_amount":49.746427,"amount":0.0179,"open_date":"2025-11-23 00:15:00+00:00","close_date":"2025-11-23 02:30:00+00:00","open_rate":2779.13,"close_rate":2818.58,"fee_open":0.001,"fee_close":0.001,"trade_duration":135,"profit_ratio":0.012168725994344064,"profit_abs":0.60595599,"exit_reason":"exit_signal","initial_stop_loss_abs":2709.65175,"initial_stop_loss_ratio":-0.025,"stop_loss_abs":2709.65175,"stop_loss_ratio":-0.025,"min_rate":2768.32,"max_rate":2834.33,"is_open":false,"enter_tag":"","leverage":1.0,"is_short":false,"open_timestamp":1763856900000,"close_timestamp":1763865000000,"orders":[{"amount":0.0179,"safe_price":2779.13,"ft_order_side":"buy","order_filled_timestamp":1763856900000,"ft_is_entry":true,"ft_order_tag":"","cost":49.79617342699999},{"amount":0.0179,"safe_price":2818.58,"ft_order_side":"sell","order_filled_timestamp":1763865000000,"ft_is_entry":false,"ft_order_tag":"exit_signal","cost":50.50303458199999}],"funding_fees":0.0,"weekday":6},{"pair":"BTC/USDT","stake_amount":49.3422646,"max_stake_amount":49.3422646,"amount":0.00058,"open_date":"2025-11-22 23:00:00+00:00","close_date":"2025-11-23 04:15:00+00:00","open_rate":85072.87,"close_rate":86520.55647647646,"fee_open":0.001,"fee_close":0.001,"trade_duration":315,"profit_ratio":0.01498501500526134,"profit_abs":0.74013397,"exit_reason":"roi","initial_stop_loss_abs":82946.04824999999,"initial_stop_loss_ratio":-0.025,"stop_loss_abs":82946.04824999999,"stop_loss_ratio":-0.025,"min_rate":84667.57,"max_rate":86860.0,"is_open":false,"enter_tag":"","leverage":1.0,"is_short":false,"open_timestamp":1763852400000,"close_timestamp":1763871300000,"orders":[{"amount":0.00058,"safe_price":85072.87,"ft_order_side":"buy","order_filled_timestamp":1763852400000,"ft_is_entry":true,"ft_order_tag":"","cost":49.39160686459999},{"amount":0.00058,"safe_price":86520.55647647646,"ft_order_side":"sell","order_filled_timestamp":1763871300000,"ft_is_entry":false,"ft_order_tag":"roi","cost":50.232104679112695}],"funding_fees":0.0,"weekday":6},{"pair":"BTC/USDT","stake_amount":49.549131,"max_stake_amount":49.549131,"amount":0.00057,"open_date":"2025-11-23 14:00:00+00:00","close_date":"2025-11-24 08:45:00+00:00","open_rate":86928.3,"close_rate":86835.95,"fee_open":0.001,"fee_close":0.001,"trade_duration":1125,"profit_ratio":-0.003058249122746197,"profit_abs":-0.15168512,"exit_reason":"exit_signal","initial_stop_loss_abs":84755.0925,"initial_stop_loss_ratio":-0.025,"stop_loss_abs":84755.0925,"stop_loss_ratio":-0.025,"min_rate":85946.65,"max_rate":88127.64,"is_open":false,"enter_tag":"","leverage":1.0,"is_short":false,"open_timestamp":1763906400000,"close_timestamp":1763973900000,"orders":[{"amount":0.00057,"safe_price":86928.3,"ft_order_side":"buy","order_filled_timestamp":1763906400000,"ft_is_entry":true,"ft_order_tag":"","cost":49.598680130999995},{"amount":0.00057,"safe_price":86835.95,"ft_order_side":"sell","order_filled_timestamp":1763973900000,"ft_is_entry":false,"ft_order_tag":"exit_signal","cost":49.54598799149999}],"funding_fees":0.0,"weekday":0},{"pair":"ETH/USDT","stake_amount":49.817253,"max_stake_amount":49.817253,"amount":0.0173,"open_date":"2025-11-24 05:15:00+00:00","close_date":"2025-11-24 09:15:00+00:00","open_rate":2879.61,"close_rate":2807.61975,"fee_open":0.001,"fee_close":0.001,"trade_duration":240,"profit_ratio":-0.026948051954569275,"profit_abs":-1.3438204,"exit_reason":"stop_loss","initial_stop_loss_abs":2807.61975,"initial_stop_loss_ratio":-0.025,"stop_loss_abs":2807.61975,"stop_loss_ratio":-0.025,"min_rate":2788.0,"max_rate":2885.75,"is_open":false,"enter_tag":"","leverage":1.0,"is_short":false,"open_timestamp":1763961300000,"close_timestamp":1763975700000,"orders":[{"amount":0.0173,"safe_price":2879.61,"ft_order_side":"buy","order_filled_timestamp":1763961300000,"ft_is_entry":true,"ft_order_tag":"","cost":49.867070252999994},{"amount":0.0173,"safe_price":2807.61975,"ft_order_side":"sell","order_filled_timestamp":1763975700000,"ft_is_entry":false,"ft_order_tag":"stop_loss","cost":48.62039349667499}],"funding_fees":0.0,"weekday":0},{"pair":"BTC/USDT","stake_amount":49.643552,"max_stake_amount":49.643552,"amount":0.00056,"open_date":"2025-11-24 20:15:00+00:00","close_date":"2025-11-25 08:00:00+00:00","open_rate":88649.2,"close_rate":87384.81,"fee_open":0.001,"fee_close":0.001,"trade_duration":705,"profit_ratio":-0.01623235215686457,"profit_abs":-0.80663745,"exit_reason":"exit_signal","initial_stop_loss_abs":86432.97,"initial_stop_loss_ratio":-0.025,"stop_loss_abs":86432.97,"stop_loss_ratio":-0.025,"min_rate":87300.0,"max_rate":89228.0,"is_open":false,"enter_tag":"","leverage":1.0,"is_short":false,"open_timestamp":1764015300000,"close_timestamp":1764057600000,"orders":[{"amount":0.00056,"safe_price":88649.2,"ft_order_side":"buy","order_filled_timestamp":1764015300000,"ft_is_entry":true,"ft_order_tag":"","cost":49.693195551999985},{"amount":0.00056,"safe_price":87384.81,"ft_order_side":"sell","order_filled_timestamp":1764057600000,"ft_is_entry":false,"ft_order_tag":"exit_signal","cost":48.984429093599985}],"funding_fees":0.0,"weekday":1},{"pair":"ETH/USDT","stake_amount":49.903056,"max_stake_amount":49.903056,"amount":0.0168,"open_date":"2025-11-25 23:00:00+00:00","close_date":"2025-11-26 08:45:00+00:00","open_rate":2970.42,"close_rate":2920.06,"fee_open":0.001,"fee_close":0.001,"trade_duration":585,"profit_ratio":-0.018917959573537865,"profit_abs":-0.94500806,"exit_reason":"exit_signal","initial_stop_loss_abs":2896.1595,"initial_stop_loss_ratio":-0.025,"stop_loss_abs":2896.1595,"stop_loss_ratio":-0.025,"min_rate":2912.0,"max_rate":2984.0,"is_open":false,"enter_tag":"","leverage":1.0,"is_short":false,"open_timestamp":1764111600000,"close_timestamp":1764146700000,"orders":[{"amount":0.0168,"safe_price":2970.42,"ft_order_side":"buy","order_filled_timestamp":1764111600000,"ft_is_entry":true,"ft_order_tag":"","cost":49.952959056},{"amount":0.0168,"safe_price":2920.06,"ft_order_side":"sell","order_filled_timestamp":1764146700000,"ft_is_entry":false,"ft_order_tag":"exit_signal","cost":49.10606500799999}],"funding_fees":0.0,"weekday":2},{"pair":"ETH/USDT","stake_amount":49.75738,"max_stake_amount":49.75738,"amount":0.0163,"open_date":"2025-11-27 02:00:00+00:00","close_date":"2025-11-27 12:30:00+00:00","open_rate":3052.6,"close_rate":3014.1,"fee_open":0.001,"fee_close":0.001,"trade_duration":630,"profit_ratio":-0.014585002234874475,"profit_abs":-0.72643721,"exit_reason":"exit_signal","initial_stop_loss_abs":2976.285,"initial_stop_loss_ratio":-0.025,"stop_loss_abs":2976.285,"stop_loss_ratio":-0.025,"min_rate":3006.59,"max_rate":3071.37,"is_open":false,"enter_tag":"","leverage":1.0,"is_short":false,"open_timestamp":1764208800000,"close_timestamp":1764246600000,"orders":[{"amount":0.0163,"safe_price":3052.6,"ft_order_side":"buy","order_filled_timestamp":1764208800000,"ft_is_entry":true,"ft_order_tag":"","cost":49.807137379999986},{"amount":0.0163,"safe_price":3014.1,"ft_order_side":"sell","order_filled_timestamp":1764246600000,"ft_is_entry":false,"ft_order_tag":"exit_signal","cost":49.17895982999998}],"funding_fees":0.0,"weekday":3},{"pair":"BTC/USDT","stake_amount":49.5936,"max_stake_amount":49.5936,"amount":0.00054,"open_date":"2025-11-28 13:45:00+00:00","close_date":"2025-11-28 14:30:00+00:00","open_rate":91840.0,"close_rate":92964.18,"fee_open":0.001,"fee_close":0.001,"trade_duration":45,"profit_ratio":0.01021817701913521,"profit_abs":0.50726294,"exit_reason":"exit_signal","initial_stop_loss_abs":89544.0,"initial_stop_loss_ratio":-0.025,"stop_loss_abs":89544.0,"stop_loss_ratio":-0.025,"min_rate":91839.99,"max_rate":93092.0,"is_open":false,"enter_tag":"","leverage":1.0,"is_short":false,"open_timestamp":1764337500000,"close_timestamp":1764340200000,"orders":[{"amount":0.00054,"safe_price":91840.0,"ft_order_side":"buy","order_filled_timestamp":1764337500000,"ft_is_entry":true,"ft_order_tag":"","cost":49.6431936},{"amount":0.00054,"safe_price":92964.18,"ft_order_side":"sell","order_filled_timestamp":1764340200000,"ft_is_entry":false,"ft_order_tag":"exit_signal","cost":50.25085785719999}],"funding_fees":0.0,"weekday":4},{"pair":"BTC/USDT","stake_amount":49.1143262,"max_stake_amount":49.1143262,"amount":0.00053,"open_date":"2025-11-28 15:30:00+00:00","close_date":"2025-11-28 17:00:00+00:00","open_rate":92668.54,"close_rate":90936.24,"fee_open":0.001,"fee_close":0.001,"trade_duration":90,"profit_ratio":-0.020654159251911205,"profit_abs":-1.01542953,"exit_reason":"exit_signal","initial_stop_loss_abs":90351.8265,"initial_stop_loss_ratio":-0.025,"stop_loss_abs":90351.8265,"stop_loss_ratio":-0.025,"min_rate":90831.49,"max_rate":92796.0,"is_open":false,"enter_tag":"","leverage":1.0,"is_short":false,"open_timestamp":1764343800000,"close_timestamp":1764349200000,"orders":[{"amount":0.00053,"safe_price":92668.54,"ft_order_side":"buy","order_filled_timestamp":1764343800000,"ft_is_entry":true,"ft_order_tag":"","cost":49.16344052619999},{"amount":0.00053,"safe_price":90936.24,"ft_order_side":"sell","order_filled_timestamp":1764349200000,"ft_is_entry":false,"ft_order_tag":"exit_signal","cost":48.2444034072}],"funding_fees":0.0,"weekday":4},{"pair":"ETH/USDT","stake_amount":49.91184,"max_stake_amount":49.91184,"amount":0.0165,"open_date":"2025-11-30 13:15:00+00:00","close_date":"2025-11-30 13:30:00+00:00","open_rate":3024.96,"close_rate":3046.83,"fee_open":0.001,"fee_close":0.001,"trade_duration":15,"profit_ratio":0.005217400519397,"profit_abs":0.26067047,"exit_reason":"exit_signal","initial_stop_loss_abs":2949.336,"initial_stop_loss_ratio":-0.025,"stop_loss_abs":2949.336,"stop_loss_ratio":-0.025,"min_rate":3024.95,"max_rate":3053.02,"is_open":false,"enter_tag":"","leverage":1.0,"is_short":false,"open_timestamp":1764508500000,"close_timestamp":1764509400000,"orders":[{"amount":0.0165,"safe_price":3024.96,"ft_order_side":"buy","order_filled_timestamp":1764508500000,"ft_is_entry":true,"ft_order_tag":"","cost":49.96175184},{"amount":0.0165,"safe_price":3046.83,"ft_order_side":"sell","order_filled_timestamp":1764509400000,"ft_is_entry":false,"ft_order_tag":"exit_signal","cost":50.322967694999996}],"funding_fees":0.0,"weekday":6},{"pair":"ETH/USDT","stake_amount":49.969401,"max_stake_amount":49.969401,"amount":0.0177,"open_date":"2025-12-02 11:00:00+00:00","close_date":"2025-12-02 14:15:00+00:00","open_rate":2823.13,"close_rate":2857.23,"fee_open":0.001,"fee_close":0.001,"trade_duration":195,"profit_ratio":0.010056656570590166,"profit_abs":0.50302763,"exit_reason":"exit_signal","initial_stop_loss_abs":2752.55175,"initial_stop_loss_ratio":-0.025,"stop_loss_abs":2752.55175,"stop_loss_ratio":-0.025,"min_rate":2816.46,"max_rate":2874.0,"is_open":false,"enter_tag":"","leverage":1.0,"is_short":false,"open_timestamp":1764673200000,"close_timestamp":1764684900000,"orders":[{"amount":0.0177,"safe_price":2823.13,"ft_order_side":"buy","order_filled_timestamp":1764673200000,"ft_is_entry":true,"ft_order_tag":"","cost":50.019370400999996},{"amount":0.0177,"safe_price":2857.23,"ft_order_side":"sell","order_filled_timestamp":1764684900000,"ft_is_entry":false,"ft_order_tag":"exit_signal","cost":50.623543971}],"funding_fees":0.0,"weekday":1},{"pair":"BTC/USDT","stake_amount":49.1295896,"max_stake_amount":49.1295896,"amount":0.00056,"open_date":"2025-12-02 14:00:00+00:00","close_date":"2025-12-02 14:30:00+00:00","open_rate":87731.41,"close_rate":88676.0,"fee_open":0.001,"fee_close":0.001,"trade_duration":30,"profit_ratio":0.008747325206691681,"profit_abs":0.43018225,"exit_reason":"exit_signal","initial_stop_loss_abs":85538.12475,"initial_stop_loss_ratio":-0.025,"stop_loss_abs":85538.12475,"stop_loss_ratio":-0.025,"min_rate":87600.0,"max_rate":88899.0,"is_open":false,"enter_tag":"","leverage":1.0,"is_short":false,"open_timestamp":1764684000000,"close_timestamp":1764685800000,"orders":[{"amount":0.00056,"safe_price":87731.41,"ft_order_side":"buy","order_filled_timestamp":1764684000000,"ft_is_entry":true,"ft_order_tag":"","cost":49.17871918959999},{"amount":0.00056,"safe_price":88676.0,"ft_order_side":"sell","order_filled_timestamp":1764685800000,"ft_is_entry":false,"ft_order_tag":"exit_signal","cost":49.70821855999999}],"funding_fees":0.0,"weekday":1},{"pair":"BTC/USDT","stake_amount":49.8158856,"max_stake_amount":49.8158856,"amount":0.00054,"open_date":"2025-12-03 02:00:00+00:00","close_date":"2025-12-03 06:00:00+00:00","open_rate":92251.64,"close_rate":93821.48772772773,"fee_open":0.001,"fee_close":0.001,"trade_duration":240,"profit_ratio":0.01498501490479953,"profit_abs":0.74723828,"exit_reason":"roi","initial_stop_loss_abs":89945.349,"initial_stop_loss_ratio":-0.025,"stop_loss_abs":89945.349,"stop_loss_ratio":-0.025,"min_rate":92158.0,"max_rate":93872.13,"is_open":false,"enter_tag":"","leverage":1.0,"is_short":false,"open_timestamp":1764727200000,"close_timestamp":1764741600000,"orders":[{"amount":0.00054,"safe_price":92251.64,"ft_order_side":"buy","order_filled_timestamp":1764727200000,"ft_is_entry":true,"ft_order_tag":"","cost":49.8657014856},{"amount":0.00054,"safe_price":93821.48772772773,"ft_order_side":"sell","order_filled_timestamp":1764741600000,"ft_is_entry":false,"ft_order_tag":"roi","cost":50.71426697634594}],"funding_fees":0.0,"weekday":2},{"pair":"ETH/USDT","stake_amount":49.857148,"max_stake_amount":49.857148,"amount":0.0164,"open_date":"2025-12-03 04:15:00+00:00","close_date":"2025-12-03 06:30:00+00:00","open_rate":3040.07,"close_rate":3083.66,"fee_open":0.001,"fee_close":0.001,"trade_duration":135,"profit_ratio":0.01231183534611721,"profit_abs":0.61444683,"exit_reason":"exit_signal","initial_stop_loss_abs":2964.0682500000003,"initial_stop_loss_ratio":-0.025,"stop_loss_abs":2964.0682500000003,"stop_loss_ratio":-0.025,"min_rate":3038.58,"max_rate":3085.56,"is_open":false,"enter_tag":"","leverage":1.0,"is_short":false,"open_timestamp":1764735300000,"close_timestamp":1764743400000,"orders":[{"amount":0.0164,"safe_price":3040.07,"ft_order_side":"buy","order_filled_timestamp":1764735300000,"ft_is_entry":true,"ft_order_tag":"","cost":49.907005148},{"amount":0.0164,"safe_price":3083.66,"ft_order_side":"sell","order_filled_timestamp":1764743400000,"ft_is_entry":false,"ft_order_tag":"exit_signal","cost":50.622596023999996}],"funding_fees":0.0,"weekday":2},{"pair":"BTC/USDT","stake_amount":49.4637275,"max_stake_amount":49.4637275,"amount":0.00055,"open_date":"2025-12-06 14:30:00+00:00","close_date":"2025-12-06 19:15:00+00:00","open_rate":89934.05,"close_rate":89487.21,"fee_open":0.001,"fee_close":0.001,"trade_duration":285,"profit_ratio":-0.006956604522164053,"profit_abs":-0.34444369,"exit_reason":"exit_signal","initial_stop_loss_abs":87685.69875,"initial_stop_loss_ratio":-0.025,"stop_loss_abs":87685.69875,"stop_loss_ratio":-0.025,"min_rate":89333.33,"max_rate":90200.01,"is_open":false,"enter_tag":"","leverage":1.0,"is_short":false,"open_timestamp":1765031400000,"close_timestamp":1765048500000,"orders":[{"amount":0.00055,"safe_price":89934.05,"ft_order_side":"buy","order_filled_timestamp":1765031400000,"ft_is_entry":true,"ft_order_tag":"","cost":49.5131912275},{"amount":0.00055,"safe_price":89487.21,"ft_order_side":"sell","order_filled_timestamp":1765048500000,"ft_is_entry":false,"ft_order_tag":"exit_signal","cost":49.2671834655}],"funding_fees":0.0,"weekday":5},{"pair":"ETH/USDT","stake_amount":49.708785,"max_stake_amount":49.708785,"amount":0.0147,"open_date":"2025-12-10 19:00:00+00:00","close_date":"2025-12-11 00:30:00+00:00","open_rate":3381.55,"close_rate":3310.76,"fee_open":0.001,"fee_close":0.001,"trade_duration":330,"profit_ratio":-0.022890362496128358,"profit_abs":-1.13898996,"exit_reason":"exit_signal","initial_stop_loss_abs":3297.01125,"initial_stop_loss_ratio":-0.025,"stop_loss_abs":3297.01125,"stop_loss_ratio":-0.025,"min_rate":3276.48,"max_rate":3447.44,"is_open":false,"enter_tag":"","leverage":1.0,"is_short":false,"open_timestamp":1765393200000,"close_timestamp":1765413000000,"orders":[{"amount":0.0147,"safe_price":3381.55,"ft_order_side":"buy","order_filled_timestamp":1765393200000,"ft_is_entry":true,"ft_order_tag":"","cost":49.75849378499999},{"amount":0.0147,"safe_price":3310.76,"ft_order_side":"sell","order_filled_timestamp":1765413000000,"ft_is_entry":false,"ft_order_tag":"exit_signal","cost":48.71684017199999}],"funding_fees":0.0,"weekday":3},{"pair":"BTC/USDT","stake_amount":49.5682092,"max_stake_amount":49.5682092,"amount":0.00054,"open_date":"2025-12-11 21:00:00+00:00","close_date":"2025-12-11 21:30:00+00:00","open_rate":91792.98,"close_rate":93280.0,"fee_open":0.001,"fee_close":0.001,"trade_duration":30,"profit_ratio":0.014169344672614095,"profit_abs":0.70305139,"exit_reason":"exit_signal","initial_stop_loss_abs":89498.1555,"initial_stop_loss_ratio":-0.025,"stop_loss_abs":89498.1555,"stop_loss_ratio":-0.025,"min_rate":91706.06,"max_rate":93555.0,"is_open":false,"enter_tag":"","leverage":1.0,"is_short":false,"open_timestamp":1765486800000,"close_timestamp":1765488600000,"orders":[{"amount":0.00054,"safe_price":91792.98,"ft_order_side":"buy","order_filled_timestamp":1765486800000,"ft_is_entry":true,"ft_order_tag":"","cost":49.617777409199995},{"amount":0.00054,"safe_price":93280.0,"ft_order_side":"sell","order_filled_timestamp":1765488600000,"ft_is_entry":false,"ft_order_tag":"exit_signal","cost":50.421571199999995}],"funding_fees":0.0,"weekday":3},{"pair":"ETH/USDT","stake_amount":49.796978,"max_stake_amount":49.796978,"amount":0.0154,"open_date":"2025-12-11 21:15:00+00:00","close_date":"2025-12-12 14:30:00+00:00","open_rate":3233.57,"close_rate":3224.62,"fee_open":0.001,"fee_close":0.001,"trade_duration":1035,"profit_ratio":-0.004760310573848094,"profit_abs":-0.23728613,"exit_reason":"exit_signal","initial_stop_loss_abs":3152.73075,"initial_stop_loss_ratio":-0.025,"stop_loss_abs":3152.73075,"stop_loss_ratio":-0.025,"min_rate":3185.2,"max_rate":3273.4,"is_open":false,"enter_tag":"","leverage":1.0,"is_short":false,"open_timestamp":1765487700000,"close_timestamp":1765549800000,"orders":[{"amount":0.0154,"safe_price":3233.57,"ft_order_side":"buy","order_filled_timestamp":1765487700000,"ft_is_entry":true,"ft_order_tag":"","cost":49.846774978},{"amount":0.0154,"safe_price":3224.62,"ft_order_side":"sell","order_filled_timestamp":1765549800000,"ft_is_entry":false,"ft_order_tag":"exit_signal","cost":49.708807148}],"funding_fees":0.0,"weekday":4},{"pair":"BTC/USDT","stake_amount":49.2673664,"max_stake_amount":49.2673664,"amount":0.00056,"open_date":"2025-12-16 16:00:00+00:00","close_date":"2025-12-17 04:45:00+00:00","open_rate":87977.44,"close_rate":86868.24,"fee_open":0.001,"fee_close":0.001,"trade_duration":765,"profit_ratio":-0.014580589247149868,"profit_abs":-0.71906558,"exit_reason":"exit_signal","initial_stop_loss_abs":85778.004,"initial_stop_loss_ratio":-0.025,"stop_loss_abs":85778.004,"stop_loss_ratio":-0.025,"min_rate":86721.86,"max_rate":88050.17,"is_open":false,"enter_tag":"","leverage":1.0,"is_short":false,"open_timestamp":1765900800000,"close_timestamp":1765946700000,"orders":[{"amount":0.00056,"safe_price":87977.44,"ft_order_side":"buy","order_filled_timestamp":1765900800000,"ft_is_entry":true,"ft_order_tag":"","cost":49.316633766399995},{"amount":0.00056,"safe_price":86868.24,"ft_order_side":"sell","order_filled_timestamp":1765946700000,"ft_is_entry":false,"ft_order_tag":"exit_signal","cost":48.69486061439999}],"funding_fees":0.0,"weekday":2},{"pair":"BTC/USDT","stake_amount":49.9498809,"max_stake_amount":49.9498809,"amount":0.00057,"open_date":"2025-12-17 14:00:00+00:00","close_date":"2025-12-17 14:45:00+00:00","open_rate":87631.37,"close_rate":88608.94795999999,"fee_open":0.001,"fee_close":0.001,"trade_duration":45,"profit_ratio":0.009135280117277593,"profit_abs":0.45676246,"exit_reason":"trailing_stop_loss","initial_stop_loss_abs":85440.58575,"initial_stop_loss_ratio":-0.025,"stop_loss_abs":88608.94795999999,"stop_loss_ratio":-0.012,"min_rate":87161.39,"max_rate":89685.17,"is_open":false,"enter_tag":"","leverage":1.0,"is_short":false,"open_timestamp":1765980000000,"close_timestamp":1765982700000,"orders":[{"amount":0.00057,"safe_price":87631.37,"ft_order_side":"buy","order_filled_timestamp":1765980000000,"ft_is_entry":true,"ft_order_tag":"","cost":49.99983078089999},{"amount":0.00057,"safe_price":88608.94795999999,"ft_order_side":"sell","order_filled_timestamp":1765982700000,"ft_is_entry":false,"ft_order_tag":"trailing_stop_loss","cost":50.557607437537186}],"funding_fees":0.0,"weekday":2},{"pair":"ETH/USDT","stake_amount":49.975932,"max_stake_amount":49.975932,"amount":0.0174,"open_date":"2025-12-18 12:45:00+00:00","close_date":"2025-12-18 13:15:00+00:00","open_rate":2872.18,"close_rate":2904.38,"fee_open":0.001,"fee_close":0.001,"trade_duration":30,"profit_ratio":0.009190595013786865,"profit_abs":0.45976786,"exit_reason":"exit_signal","initial_stop_loss_abs":2800.3754999999996,"initial_stop_loss_ratio":-0.025,"stop_loss_abs":2800.3754999999996,"stop_loss_ratio":-0.025,"min_rate":2864.88,"max_rate":2910.31,"is_open":false,"enter_tag":"","leverage":1.0,"is_short":false,"open_timestamp":1766061900000,"close_timestamp":1766063700000,"orders":[{"amount":0.0174,"safe_price":2872.18,"ft_order_side":"buy","order_filled_timestamp":1766061900000,"ft_is_entry":true,"ft_order_tag":"","cost":50.02590793199999},{"amount":0.0174,"safe_price":2904.38,"ft_order_side":"sell","order_filled_timestamp":1766063700000,"ft_is_entry":false,"ft_order_tag":"exit_signal","cost":50.586748211999996}],"funding_fees":0.0,"weekday":3},{"pair":"BTC/USDT","stake_amount":49.3329984,"max_stake_amount":49.3329984,"amount":0.00057,"open_date":"2025-12-18 05:30:00+00:00","close_date":"2025-12-18 13:30:00+00:00","open_rate":86549.12,"close_rate":88021.92784784784,"fee_open":0.001,"fee_close":0.001,"trade_duration":480,"profit_ratio":0.014985015066015616,"profit_abs":0.73999498,"exit_reason":"roi","initial_stop_loss_abs":84385.39199999999,"initial_stop_loss_ratio":-0.025,"stop_loss_abs":87781.93268,"stop_loss_ratio":-0.012,"min_rate":86384.61,"max_rate":88848.11,"is_open":false,"enter_tag":"","leverage":1.0,"is_short":false,"open_timestamp":1766035800000,"close_timestamp":1766064600000,"orders":[{"amount":0.00057,"safe_price":86549.12,"ft_order_side":"buy","order_filled_timestamp":1766035800000,"ft_is_entry":true,"ft_order_tag":"","cost":49.38233139839999},{"amount":0.00057,"safe_price":88021.92784784784,"ft_order_side":"sell","order_filled_timestamp":1766064600000,"ft_is_entry":false,"ft_order_tag":"roi","cost":50.22267137214653}],"funding_fees":0.0,"weekday":3},{"pair":"ETH/USDT","stake_amount":49.723996,"max_stake_amount":49.723996,"amount":0.0172,"open_date":"2025-12-18 13:30:00+00:00","close_date":"2025-12-18 13:45:00+00:00","open_rate":2890.93,"close_rate":2938.03,"fee_open":0.001,"fee_close":0.001,"trade_duration":15,"profit_ratio":0.014261780916858277,"profit_abs":0.70986189,"exit_reason":"exit_signal","initial_stop_loss_abs":2818.6567499999996,"initial_stop_loss_ratio":-0.025,"stop_loss_abs":2944.0424000000003,"stop_loss_ratio":-0.012,"min_rate":2890.93,"max_rate":2979.8,"is_open":false,"enter_tag":"","leverage":1.0,"is_short":false,"open_timestamp":1766064600000,"close_timestamp":1766065500000,"orders":[{"amount":0.0172,"safe_price":2890.93,"ft_order_side":"buy","order_filled_timestamp":1766064600000,"ft_is_entry":true,"ft_order_tag":"","cost":49.773719996},{"amount":0.0172,"safe_price":2938.03,"ft_order_side":"sell","order_filled_timestamp":1766065500000,"ft_is_entry":false,"ft_order_tag":"exit_signal","cost":50.584650116}],"funding_fees":0.0,"weekday":3},{"pair":"BTC/USDT","stake_amount":49.3808,"max_stake_amount":49.3808,"amount":0.00056,"open_date":"2025-12-19 15:00:00+00:00","close_date":"2025-12-19 17:45:00+00:00","open_rate":88180.0,"close_rate":87117.72,"fee_open":0.001,"fee_close":0.001,"trade_duration":165,"profit_ratio":-0.014020655170251774,"profit_abs":-0.69304352,"exit_reason":"exit_signal","initial_stop_loss_abs":85975.5,"initial_stop_loss_ratio":-0.025,"stop_loss_abs":85975.5,"stop_loss_ratio":-0.025,"min_rate":86873.14,"max_rate":89399.97,"is_open":false,"enter_tag":"","leverage":1.0,"is_short":false,"open_timestamp":1766156400000,"close_timestamp":1766166300000,"orders":[{"amount":0.00056,"safe_price":88180.0,"ft_order_side":"buy","order_filled_timestamp":1766156400000,"ft_is_entry":true,"ft_order_tag":"","cost":49.43018079999999},{"amount":0.00056,"safe_price":87117.72,"ft_order_side":"sell","order_filled_timestamp":1766166300000,"ft_is_entry":false,"ft_order_tag":"exit_signal","cost":48.83470912319999}],"funding_fees":0.0,"weekday":4},{"pair":"ETH/USDT","stake_amount":49.841317,"max_stake_amount":49.841317,"amount":0.0167,"open_date":"2025-12-21 08:30:00+00:00","close_date":"2025-12-21 08:45:00+00:00","open_rate":2984.51,"close_rate":2994.03,"fee_open":0.001,"fee_close":0.001,"trade_duration":15,"profit_ratio":0.0011854280797454991,"profit_abs":0.05914238,"exit_reason":"exit_signal","initial_stop_loss_abs":2909.89725,"initial_stop_loss_ratio":-0.025,"stop_loss_abs":2909.89725,"stop_loss_ratio":-0.025,"min_rate":2984.01,"max_rate":2999.47,"is_open":false,"enter_tag":"","leverage":1.0,"is_short":false,"open_timestamp":1766305800000,"close_timestamp":1766306700000,"orders":[{"amount":0.0167,"safe_price":2984.51,"ft_order_side":"buy","order_filled_timestamp":1766305800000,"ft_is_entry":true,"ft_order_tag":"","cost":49.891158317},{"amount":0.0167,"safe_price":2994.03,"ft_order_side":"sell","order_filled_timestamp":1766306700000,"ft_is_entry":false,"ft_order_tag":"exit_signal","cost":50.050301301}],"funding_fees":0.0,"weekday":6}],"locks":[],"best_pair":{"key":"ETH/USDT","trades":29,"profit_mean":-0.0013253885943995294,"profit_mean_pct":-0.13,"profit_total_abs":-1.9113186700000009,"profit_total":-0.001911318670000001,"profit_total_pct":-0.19,"duration_avg":"4:09:00","wins":16,"draws":0,"losses":13,"winrate":0.5517241379310345,"cagr":-0.011765809053642662,"expectancy":-0.06590754034482754,"expectancy_ratio":-0.082596647589534,"sortino":-1.696918317461908,"sharpe":-0.8561291672009311,"calmar":-12.812499515105438,"sqn":-0.4824,"profit_factor":0.8157459399925779,"max_drawdown_account":0.004830517509755096,"max_drawdown_abs":4.83871371},"worst_pair":{"key":"BTC/USDT","trades":27,"profit_mean":-0.0019378029961491414,"profit_mean_pct":-0.19,"profit_total_abs":-2.60008323,"profit_total":-0.00260008323,"profit_total_pct":-0.26,"duration_avg":"7:16:00","wins":11,"draws":0,"losses":16,"winrate":0.4074074074074074,"cagr":-0.01597719706801548,"expectancy":-0.09629937888888895,"expectancy_ratio":-0.16329325809827278,"sortino":-2.9916022373271067,"sharpe":-1.3129730766860372,"calmar":-18.07549789358483,"sqn":-0.7657,"profit_factor":0.724442626959165,"max_drawdown_account":0.004657913314587088,"max_drawdown_abs":4.661362980000001},"results_per_pair":[{"key":"ETH/USDT","trades":29,"profit_mean":-0.0013253885943995294,"profit_mean_pct":-0.13,"profit_total_abs":-1.9113186700000009,"profit_total":-0.001911318670000001,"profit_total_pct":-0.19,"duration_avg":"4:09:00","wins":16,"draws":0,"losses":13,"winrate":0.5517241379310345,"cagr":-0.011765809053642662,"expectancy":-0.06590754034482754,"expectancy_ratio":-0.082596647589534,"sortino":-1.696918317461908,"sharpe":-0.8561291672009311,"calmar":-12.812499515105438,"sqn":-0.4824,"profit_factor":0.8157459399925779,"max_drawdown_account":0.004830517509755096,"max_drawdown_abs":4.83871371},{"key":"BTC/USDT","trades":27,"profit_mean":-0.0019378029961491414,"profit_mean_pct":-0.19,"profit_total_abs":-2.60008323,"profit_total":-0.00260008323,"profit_total_pct":-0.26,"duration_avg":"7:16:00","wins":11,"draws":0,"losses":16,"winrate":0.4074074074074074,"cagr":-0.01597719706801548,"expectancy":-0.09629937888888895,"expectancy_ratio":-0.16329325809827278,"sortino":-2.9916022373271067,"sharpe":-1.3129730766860372,"calmar":-18.07549789358483,"sqn":-0.7657,"profit_factor":0.724442626959165,"max_drawdown_account":0.004657913314587088,"max_drawdown_abs":4.661362980000001},{"key":"TOTAL","trades":56,"profit_mean":-0.0016206598238145211,"profit_mean_pct":-0.16,"profit_total_abs":-4.5114019,"profit_total":-0.0045114019,"profit_total_pct":-0.45,"duration_avg":"5:39:00","wins":27,"draws":0,"losses":29,"winrate":0.48214285714285715,"cagr":-0.02758505332704142,"expectancy":-0.0805607482142856,"expectancy_ratio":-0.1179393935586538,"sortino":-4.325651558221038,"sharpe":-2.1328596088507075,"calmar":-15.5907326069158,"sqn":-0.8723,"profit_factor":0.7722549641625995,"max_drawdown_account":0.009369996217686659,"max_drawdown_abs":9.39181988}],"results_per_enter_tag":[{"key":"","trades":56,"profit_mean":-0.0016206598238145211,"profit_mean_pct":-0.16,"profit_total_abs":-4.5114019,"profit_total":-0.0045114019,"profit_total_pct":-0.45,"duration_avg":"5:39:00","wins":27,"draws":0,"losses":29,"winrate":0.48214285714285715,"cagr":-0.02758505332704142,"expectancy":-0.0805607482142856,"expectancy_ratio":-0.1179393935586538,"sortino":-4.325651558221038,"sharpe":-2.1328596088507075,"calmar":-15.5907326069158,"sqn":-0.8723,"profit_factor":0.7722549641625995,"max_drawdown_account":0.009369996217686659,"max_drawdown_abs":9.39181988},{"key":"TOTAL","trades":56,"profit_mean":-0.0016206598238145211,"profit_mean_pct":-0.16,"profit_total_abs":-4.5114019,"profit_total":-0.0045114019,"profit_total_pct":-0.45,"duration_avg":"5:39:00","wins":27,"draws":0,"losses":29,"winrate":0.48214285714285715,"cagr":-0.02758505332704142,"expectancy":-0.0805607482142856,"expectancy_ratio":-0.1179393935586538,"sortino":-4.325651558221038,"sharpe":-2.1328596088507075,"calmar":-15.5907326069158,"sqn":-0.8723,"profit_factor":0.7722549641625995,"max_drawdown_account":0.009369996217686659,"max_drawdown_abs":9.39181988}],"exit_reason_summary":[{"key":"roi","trades":10,"profit_mean":0.014985014965892662,"profit_mean_pct":1.5,"profit_total_abs":7.43190283,"profit_total":0.00743190283,"profit_total_pct":0.74,"duration_avg":"7:00:00","wins":10,"draws":0,"losses":0,"winrate":1.0,"cagr":0.04687236538698203,"expectancy":0.743190283,"expectancy_ratio":100.0,"sortino":-100,"sharpe":496.19200244532345,"calmar":-100,"sqn":459.7022,"profit_factor":0.0,"max_drawdown_account":0.0,"max_drawdown_abs":0.0},{"key":"trailing_stop_loss","trades":1,"profit_mean":0.009135280117277593,"profit_mean_pct":0.91,"profit_total_abs":0.45676246,"profit_total":0.00045676246,"profit_total_pct":0.05,"duration_avg":"0:45:00","wins":1,"draws":0,"losses":0,"winrate":1.0,"cagr":0.002829083038258906,"expectancy":0.45676246,"expectancy_ratio":100.0,"sortino":-100,"sharpe":-100,"calmar":-100,"sqn":-100.0,"profit_factor":0.0,"max_drawdown_account":0.0,"max_drawdown_abs":0.0},{"key":"stop_loss","trades":2,"profit_mean":-0.026948051973154547,"profit_mean_pct":-2.69,"profit_total_abs":-2.68542869,"profit_total":-0.00268542869,"profit_total_pct":-0.27,"duration_avg":"3:38:00","wins":0,"draws":0,"losses":2,"winrate":0.0,"cagr":-0.016497984798136578,"expectancy":-1.342714345,"expectancy_ratio":-1.0,"sortino":-786.1968902394613,"sharpe":-786.1968902394613,"calmar":-32.38131046532701,"sqn":-1213.9671,"profit_factor":0.0,"max_drawdown_account":0.0026854286899999804,"max_drawdown_abs":2.68542869},{"key":"exit_signal","trades":43,"profit_mean":-0.00455456455729089,"profit_mean_pct":-0.46,"profit_total_abs":-9.7146385,"profit_total":-0.0097146385,"profit_total_pct":-0.97,"duration_avg":"5:33:00","wins":16,"draws":0,"losses":27,"winrate":0.37209302325581395,"cagr":-0.058605374864544424,"expectancy":-0.2259218255813953,"expectancy_ratio":-0.3562275895315501,"sortino":-10.611341814192636,"sharpe":-5.308145884320953,"calmar":-28.209594977124645,"sqn":-2.4706,"profit_factor":0.43267457963493866,"max_drawdown_account":0.011151266992028975,"max_drawdown_abs":11.1606191},{"key":"TOTAL","trades":56,"profit_mean":-0.0016206598238145211,"profit_mean_pct":-0.16,"profit_total_abs":-4.5114019,"profit_total":-0.0045114019,"profit_total_pct":-0.45,"duration_avg":"5:39:00","wins":27,"draws":0,"losses":29,"winrate":0.48214285714285715,"cagr":-0.02758505332704142,"expectancy":-0.0805607482142856,"expectancy_ratio":-0.1179393935586538,"sortino":-4.325651558221038,"sharpe":-2.1328596088507075,"calmar":-15.5907326069158,"sqn":-0.8723,"profit_factor":0.7722549641625995,"max_drawdown_account":0.009369996217686659,"max_drawdown_abs":9.39181988}],"mix_tag_stats":[{"key":["","roi"],"trades":10,"profit_mean":0.014985014965892662,"profit_mean_pct":1.5,"profit_total_abs":7.43190283,"profit_total":0.00743190283,"profit_total_pct":0.74,"duration_avg":"7:00:00","wins":10,"draws":0,"losses":0,"winrate":1.0,"cagr":0.04687236538698203,"expectancy":0.743190283,"expectancy_ratio":100.0,"sortino":-100,"sharpe":496.19200244532345,"calmar":-100,"sqn":459.7022,"profit_factor":0.0,"max_drawdown_account":0.0,"max_drawdown_abs":0.0},{"key":["","trailing_stop_loss"],"trades":1,"profit_mean":0.009135280117277593,"profit_mean_pct":0.91,"profit_total_abs":0.45676246,"profit_total":0.00045676246,"profit_total_pct":0.05,"duration_avg":"0:45:00","wins":1,"draws":0,"losses":0,"winrate":1.0,"cagr":0.002829083038258906,"expectancy":0.45676246,"expectancy_ratio":100.0,"sortino":-100,"sharpe":-100,"calmar":-100,"sqn":-100.0,"profit_factor":0.0,"max_drawdown_account":0.0,"max_drawdown_abs":0.0},{"key":["","stop_loss"],"trades":2,"profit_mean":-0.026948051973154547,"profit_mean_pct":-2.69,"profit_total_abs":-2.68542869,"profit_total":-0.00268542869,"profit_total_pct":-0.27,"duration_avg":"3:38:00","wins":0,"draws":0,"losses":2,"winrate":0.0,"cagr":-0.016497984798136578,"expectancy":-1.342714345,"expectancy_ratio":-1.0,"sortino":-786.1968902394613,"sharpe":-786.1968902394613,"calmar":-32.38131046532701,"sqn":-1213.9671,"profit_factor":0.0,"max_drawdown_account":0.0026854286899999804,"max_drawdown_abs":2.68542869},{"key":["","exit_signal"],"trades":43,"profit_mean":-0.00455456455729089,"profit_mean_pct":-0.46,"profit_total_abs":-9.7146385,"profit_total":-0.0097146385,"profit_total_pct":-0.97,"duration_avg":"5:33:00","wins":16,"draws":0,"losses":27,"winrate":0.37209302325581395,"cagr":-0.058605374864544424,"expectancy":-0.2259218255813953,"expectancy_ratio":-0.3562275895315501,"sortino":-10.611341814192636,"sharpe":-5.308145884320953,"calmar":-28.209594977124645,"sqn":-2.4706,"profit_factor":0.43267457963493866,"max_drawdown_account":0.011151266992028975,"max_drawdown_abs":11.1606191},{"key":"TOTAL","trades":56,"profit_mean":-0.0016206598238145211,"profit_mean_pct":-0.16,"profit_total_abs":-4.5114019,"profit_total":-0.0045114019,"profit_total_pct":-0.45,"duration_avg":"5:39:00","wins":27,"draws":0,"losses":29,"winrate":0.48214285714285715,"cagr":-0.02758505332704142,"expectancy":-0.0805607482142856,"expectancy_ratio":-0.1179393935586538,"sortino":-4.325651558221038,"sharpe":-2.1328596088507075,"calmar":-15.5907326069158,"sqn":-0.8723,"profit_factor":0.7722549641625995,"max_drawdown_account":0.009369996217686659,"max_drawdown_abs":9.39181988}],"left_open_trades":[{"key":"TOTAL","trades":0,"profit_mean":0.0,"profit_mean_pct":0.0,"profit_total_abs":0.0,"profit_total":0.0,"profit_total_pct":0.0,"duration_avg":"0:00","wins":0,"draws":0,"losses":0,"winrate":0.0,"cagr":0.0,"expectancy":0.0,"expectancy_ratio":100.0,"sortino":0,"sharpe":0,"calmar":0,"sqn":0.0,"profit_factor":0.0,"max_drawdown_account":0.0,"max_drawdown_abs":0.0}],"total_trades":56,"trade_count_long":56,"trade_count_short":0,"total_volume":5564.631784521582,"avg_stake_amount":49.62522358035715,"profit_mean":-0.0016206598238145211,"profit_median":-0.0026332554596976573,"profit_total":-0.0045114019,"profit_total_long":-0.0045114019,"profit_total_short":0.0,"profit_total_abs":-4.5114019,"profit_total_long_abs":-4.5114019,"profit_total_short_abs":0.0,"cagr":-0.02758505332704142,"expectancy":-0.0805607482142856,"expectancy_ratio":-0.1179393935586538,"sortino":-4.325651558221038,"sharpe":-2.1328596088507075,"calmar":-15.5907326069158,"sqn":-0.8723,"profit_factor":0.7722549641625995,"backtest_start":"2025-10-23 01:00:00","backtest_start_ts":1761181200000,"backtest_end":"2025-12-21 09:15:00","backtest_end_ts":1766308500000,"backtest_days":59,"backtest_run_start_ts":1766310296,"backtest_run_end_ts":1766310303,"trades_per_day":0.95,"market_change":-0.19976843848077996,"pairlist":["BTC/USDT","ETH/USDT"],"stake_amount":50,"stake_currency":"USDT","stake_currency_decimals":3,"starting_balance":1000,"dry_run_wallet":1000,"final_balance":995.4885981,"rejected_signals":0,"timedout_entry_orders":0,"timedout_exit_orders":0,"canceled_trade_entries":0,"canceled_entry_orders":0,"replaced_entry_orders":0,"max_open_trades":2,"max_open_trades_setting":3,"timeframe":"15m","timeframe_detail":"","timerange":"20241101-","enable_protections":false,"strategy_name":"SMCAIUltimateStrategy","freqaimodel":null,"freqai_identifier":null,"stoploss":-0.025,"trailing_stop":true,"trailing_stop_positive":0.012,"trailing_stop_positive_offset":0.02,"trailing_only_offset_is_reached":true,"use_custom_stoploss":false,"minimal_roi":{"0":0.06,"30":0.04,"60":0.025,"120":0.015},"use_exit_signal":true,"exit_profit_only":false,"exit_profit_offset":0.0,"ignore_roi_if_entry_signal":false,"trading_mode":"spot","margin_mode":"","periodic_breakdown":{"day":[{"date":"23/10/2025","date_ts":1761177600000,"profit_abs":0.50835226,"wins":1,"draws":0,"losses":0,"trades":1,"profit_factor":0.0},{"date":"24/10/2025","date_ts":1761264000000,"profit_abs":1.49044166,"wins":2,"draws":0,"losses":0,"trades":2,"profit_factor":0.0},{"date":"25/10/2025","date_ts":1761350400000,"profit_abs":-0.22426979,"wins":0,"draws":0,"losses":1,"trades":1,"profit_factor":0.0},{"date":"26/10/2025","date_ts":1761436800000,"profit_abs":0.55457631,"wins":1,"draws":0,"losses":1,"trades":2,"profit_factor":6.12278452},{"date":"27/10/2025","date_ts":1761523200000,"profit_abs":-0.57105535,"wins":0,"draws":0,"losses":1,"trades":1,"profit_factor":0.0},{"date":"28/10/2025","date_ts":1761609600000,"profit_abs":-0.55251148,"wins":0,"draws":0,"losses":1,"trades":1,"profit_factor":0.0},{"date":"29/10/2025","date_ts":1761696000000,"profit_abs":0.0,"wins":0,"draws":0,"losses":0,"trades":0,"profit_factor":0.0},{"date":"30/10/2025","date_ts":1761782400000,"profit_abs":0.0,"wins":0,"draws":0,"losses":0,"trades":0,"profit_factor":0.0},{"date":"31/10/2025","date_ts":1761868800000,"profit_abs":-1.73554216,"wins":0,"draws":0,"losses":2,"trades":2,"profit_factor":0.0},{"date":"01/11/2025","date_ts":1761955200000,"profit_abs":0.0,"wins":0,"draws":0,"losses":0,"trades":0,"profit_factor":0.0},{"date":"02/11/2025","date_ts":1762041600000,"profit_abs":-1.66100406,"wins":1,"draws":0,"losses":4,"trades":5,"profit_factor":0.05304203},{"date":"03/11/2025","date_ts":1762128000000,"profit_abs":0.0,"wins":0,"draws":0,"losses":0,"trades":0,"profit_factor":0.0},{"date":"04/11/2025","date_ts":1762214400000,"profit_abs":0.0,"wins":0,"draws":0,"losses":0,"trades":0,"profit_factor":0.0},{"date":"05/11/2025","date_ts":1762300800000,"profit_abs":2.23369173,"wins":3,"draws":0,"losses":0,"trades":3,"profit_factor":0.0},{"date":"06/11/2025","date_ts":1762387200000,"profit_abs":0.0,"wins":0,"draws":0,"losses":0,"trades":0,"profit_factor":0.0},{"date":"07/11/2025","date_ts":1762473600000,"profit_abs":-1.07500333,"wins":0,"draws":0,"losses":1,"trades":1,"profit_factor":0.0},{"date":"08/11/2025","date_ts":1762560000000,"profit_abs":0.0,"wins":0,"draws":0,"losses":0,"trades":0,"profit_factor":0.0},{"date":"09/11/2025","date_ts":1762646400000,"profit_abs":1.04292643,"wins":2,"draws":0,"losses":0,"trades":2,"profit_factor":0.0},{"date":"10/11/2025","date_ts":1762732800000,"profit_abs":0.73483179,"wins":1,"draws":0,"losses":0,"trades":1,"profit_factor":0.0},{"date":"11/11/2025","date_ts":1762819200000,"profit_abs":-1.34160829,"wins":0,"draws":0,"losses":1,"trades":1,"profit_factor":0.0},{"date":"12/11/2025","date_ts":1762905600000,"profit_abs":0.33312277,"wins":1,"draws":0,"losses":0,"trades":1,"profit_factor":0.0},{"date":"13/11/2025","date_ts":1762992000000,"profit_abs":-0.69682135,"wins":0,"draws":0,"losses":1,"trades":1,"profit_factor":0.0},{"date":"14/11/2025","date_ts":1763078400000,"profit_abs":0.0,"wins":0,"draws":0,"losses":0,"trades":0,"profit_factor":0.0},{"date":"15/11/2025","date_ts":1763164800000,"profit_abs":-0.9898686,"wins":0,"draws":0,"losses":1,"trades":1,"profit_factor":0.0},{"date":"16/11/2025","date_ts":1763251200000,"profit_abs":-0.50926917,"wins":0,"draws":0,"losses":1,"trades":1,"profit_factor":0.0},{"date":"17/11/2025","date_ts":1763337600000,"profit_abs":-1.54919624,"wins":0,"draws":0,"losses":2,"trades":2,"profit_factor":0.0},{"date":"18/11/2025","date_ts":1763424000000,"profit_abs":0.6608632,"wins":1,"draws":0,"losses":0,"trades":1,"profit_factor":0.0},{"date":"19/11/2025","date_ts":1763510400000,"profit_abs":-0.5797109,"wins":0,"draws":0,"losses":1,"trades":1,"profit_factor":0.0},{"date":"20/11/2025","date_ts":1763596800000,"profit_abs":0.0,"wins":0,"draws":0,"losses":0,"trades":0,"profit_factor":0.0},{"date":"21/11/2025","date_ts":1763683200000,"profit_abs":0.0,"wins":0,"draws":0,"losses":0,"trades":0,"profit_factor":0.0},{"date":"22/11/2025","date_ts":1763769600000,"profit_abs":0.0,"wins":0,"draws":0,"losses":0,"trades":0,"profit_factor":0.0},{"date":"23/11/2025","date_ts":1763856000000,"profit_abs":1.34608996,"wins":2,"draws":0,"losses":0,"trades":2,"profit_factor":0.0},{"date":"24/11/2025","date_ts":1763942400000,"profit_abs":-1.49550552,"wins":0,"draws":0,"losses":2,"trades":2,"profit_factor":0.0},{"date":"25/11/2025","date_ts":1764028800000,"profit_abs":-0.80663745,"wins":0,"draws":0,"losses":1,"trades":1,"profit_factor":0.0},{"date":"26/11/2025","date_ts":1764115200000,"profit_abs":-0.94500806,"wins":0,"draws":0,"losses":1,"trades":1,"profit_factor":0.0},{"date":"27/11/2025","date_ts":1764201600000,"profit_abs":-0.72643721,"wins":0,"draws":0,"losses":1,"trades":1,"profit_factor":0.0},{"date":"28/11/2025","date_ts":1764288000000,"profit_abs":-0.50816659,"wins":1,"draws":0,"losses":1,"trades":2,"profit_factor":0.49955504},{"date":"29/11/2025","date_ts":1764374400000,"profit_abs":0.0,"wins":0,"draws":0,"losses":0,"trades":0,"profit_factor":0.0},{"date":"30/11/2025","date_ts":1764460800000,"profit_abs":0.26067047,"wins":1,"draws":0,"losses":0,"trades":1,"profit_factor":0.0},{"date":"01/12/2025","date_ts":1764547200000,"profit_abs":0.0,"wins":0,"draws":0,"losses":0,"trades":0,"profit_factor":0.0},{"date":"02/12/2025","date_ts":1764633600000,"profit_abs":0.93320988,"wins":2,"draws":0,"losses":0,"trades":2,"profit_factor":0.0},{"date":"03/12/2025","date_ts":1764720000000,"profit_abs":1.36168511,"wins":2,"draws":0,"losses":0,"trades":2,"profit_factor":0.0},{"date":"04/12/2025","date_ts":1764806400000,"profit_abs":0.0,"wins":0,"draws":0,"losses":0,"trades":0,"profit_factor":0.0},{"date":"05/12/2025","date_ts":1764892800000,"profit_abs":0.0,"wins":0,"draws":0,"losses":0,"trades":0,"profit_factor":0.0},{"date":"06/12/2025","date_ts":1764979200000,"profit_abs":-0.34444369,"wins":0,"draws":0,"losses":1,"trades":1,"profit_factor":0.0},{"date":"07/12/2025","date_ts":1765065600000,"profit_abs":0.0,"wins":0,"draws":0,"losses":0,"trades":0,"profit_factor":0.0},{"date":"08/12/2025","date_ts":1765152000000,"profit_abs":0.0,"wins":0,"draws":0,"losses":0,"trades":0,"profit_factor":0.0},{"date":"09/12/2025","date_ts":1765238400000,"profit_abs":0.0,"wins":0,"draws":0,"losses":0,"trades":0,"profit_factor":0.0},{"date":"10/12/2025","date_ts":1765324800000,"profit_abs":0.0,"wins":0,"draws":0,"losses":0,"trades":0,"profit_factor":0.0},{"date":"11/12/2025","date_ts":1765411200000,"profit_abs":-0.43593857,"wins":1,"draws":0,"losses":1,"trades":2,"profit_factor":0.61725864},{"date":"12/12/2025","date_ts":1765497600000,"profit_abs":-0.23728613,"wins":0,"draws":0,"losses":1,"trades":1,"profit_factor":0.0},{"date":"13/12/2025","date_ts":1765584000000,"profit_abs":0.0,"wins":0,"draws":0,"losses":0,"trades":0,"profit_factor":0.0},{"date":"14/12/2025","date_ts":1765670400000,"profit_abs":0.0,"wins":0,"draws":0,"losses":0,"trades":0,"profit_factor":0.0},{"date":"15/12/2025","date_ts":1765756800000,"profit_abs":0.0,"wins":0,"draws":0,"losses":0,"trades":0,"profit_factor":0.0},{"date":"16/12/2025","date_ts":1765843200000,"profit_abs":0.0,"wins":0,"draws":0,"losses":0,"trades":0,"profit_factor":0.0},{"date":"17/12/2025","date_ts":1765929600000,"profit_abs":-0.26230312,"wins":1,"draws":0,"losses":1,"trades":2,"profit_factor":0.63521669},{"date":"18/12/2025","date_ts":1766016000000,"profit_abs":1.90962473,"wins":3,"draws":0,"losses":0,"trades":3,"profit_factor":0.0},{"date":"19/12/2025","date_ts":1766102400000,"profit_abs":-0.69304352,"wins":0,"draws":0,"losses":1,"trades":1,"profit_factor":0.0},{"date":"20/12/2025","date_ts":1766188800000,"profit_abs":0.0,"wins":0,"draws":0,"losses":0,"trades":0,"profit_factor":0.0},{"date":"21/12/2025","date_ts":1766275200000,"profit_abs":0.05914238,"wins":1,"draws":0,"losses":0,"trades":1,"profit_factor":0.0}],"week":[{"date":"27/10/2025","date_ts":1761523200000,"profit_abs":1.75804509,"wins":4,"draws":0,"losses":3,"trades":7,"profit_factor":2.94563989},{"date":"03/11/2025","date_ts":1762128000000,"profit_abs":-3.9490577,"wins":1,"draws":0,"losses":7,"trades":8,"profit_factor":0.02301726},{"date":"10/11/2025","date_ts":1762732800000,"profit_abs":2.93644662,"wins":6,"draws":0,"losses":1,"trades":7,"profit_factor":3.73156979},{"date":"17/11/2025","date_ts":1763337600000,"profit_abs":-4.75364088,"wins":1,"draws":0,"losses":6,"trades":7,"profit_factor":0.06548816},{"date":"24/11/2025","date_ts":1763942400000,"profit_abs":-0.06826326,"wins":3,"draws":0,"losses":3,"trades":6,"profit_factor":0.96710547},{"date":"01/12/2025","date_ts":1764547200000,"profit_abs":-2.72557884,"wins":2,"draws":0,"losses":4,"trades":6,"profit_factor":0.21981701},{"date":"08/12/2025","date_ts":1765152000000,"profit_abs":1.9504513,"wins":4,"draws":0,"losses":1,"trades":5,"profit_factor":6.66261295},{"date":"15/12/2025","date_ts":1765756800000,"profit_abs":-0.6732247,"wins":1,"draws":0,"losses":2,"trades":3,"profit_factor":0.51083601},{"date":"22/12/2025","date_ts":1766361600000,"profit_abs":1.01342047,"wins":5,"draws":0,"losses":2,"trades":7,"profit_factor":1.71766443}],"month":[{"date":"31/10/2025","date_ts":1761868800000,"profit_abs":-0.53000855,"wins":4,"draws":0,"losses":6,"trades":10,"profit_factor":0.83393826},{"date":"30/11/2025","date_ts":1764460800000,"profit_abs":-6.27204042,"wins":13,"draws":0,"losses":18,"trades":31,"profit_factor":0.53487167},{"date":"31/12/2025","date_ts":1767139200000,"profit_abs":2.29064707,"wins":10,"draws":0,"losses":5,"trades":15,"profit_factor":1.73117529}],"year":[{"date":"31/12/2025","date_ts":1767139200000,"profit_abs":-4.5114019,"wins":27,"draws":0,"losses":29,"trades":56,"profit_factor":0.77225496}],"weekday":[{"date":"Monday","date_ts":0,"profit_abs":-2.88092532,"wins":1,"draws":0,"losses":5,"trades":6,"profit_factor":0.20323041},{"date":"Tuesday","date_ts":1,"profit_abs":-1.10668414,"wins":3,"draws":0,"losses":3,"trades":6,"profit_factor":0.59023191},{"date":"Wednesday","date_ts":2,"profit_abs":2.14147753,"wins":7,"draws":0,"losses":3,"trades":10,"profit_factor":1.95440426},{"date":"Thursday","date_ts":3,"profit_abs":0.55877986,"wins":5,"draws":0,"losses":3,"trades":8,"profit_factor":1.21808184},{"date":"Friday","date_ts":4,"profit_abs":-2.75860007,"wins":3,"draws":0,"losses":6,"trades":9,"profit_factor":0.42001191},{"date":"Saturday","date_ts":5,"profit_abs":-1.55858208,"wins":0,"draws":0,"losses":3,"trades":3,"profit_factor":0.0},{"date":"Sunday","date_ts":6,"profit_abs":1.09313232,"wins":8,"draws":0,"losses":6,"trades":14,"profit_factor":1.46093231}]},"backtest_best_day":0.04495504495504495,"backtest_worst_day":-0.03474023902646904,"backtest_best_day_abs":2.23369173,"backtest_worst_day_abs":-1.73554216,"winning_days":14,"draw_days":24,"losing_days":22,"daily_profit":[["2025-10-23",0.50835226],["2025-10-24",1.49044166],["2025-10-25",-0.22426979],["2025-10-26",0.55457631],["2025-10-27",-0.57105535],["2025-10-28",-0.55251148],["2025-10-29",0.0],["2025-10-30",0.0],["2025-10-31",-1.73554216],["2025-11-01",0.0],["2025-11-02",-1.66100406],["2025-11-03",0.0],["2025-11-04",0.0],["2025-11-05",2.23369173],["2025-11-06",0.0],["2025-11-07",-1.07500333],["2025-11-08",0.0],["2025-11-09",1.04292643],["2025-11-10",0.73483179],["2025-11-11",-1.34160829],["2025-11-12",0.33312277],["2025-11-13",-0.69682135],["2025-11-14",0.0],["2025-11-15",-0.9898686],["2025-11-16",-0.50926917],["2025-11-17",-1.54919624],["2025-11-18",0.6608632],["2025-11-19",-0.5797109],["2025-11-20",0.0],["2025-11-21",0.0],["2025-11-22",0.0],["2025-11-23",1.34608996],["2025-11-24",-1.49550552],["2025-11-25",-0.80663745],["2025-11-26",-0.94500806],["2025-11-27",-0.72643721],["2025-11-28",-0.50816659],["2025-11-29",0.0],["2025-11-30",0.26067047],["2025-12-01",0.0],["2025-12-02",0.93320988],["2025-12-03",1.36168511],["2025-12-04",0.0],["2025-12-05",0.0],["2025-12-06",-0.34444369],["2025-12-07",0.0],["2025-12-08",0.0],["2025-12-09",0.0],["2025-12-10",0.0],["2025-12-11",-0.43593857],["2025-12-12",-0.23728613],["2025-12-13",0.0],["2025-12-14",0.0],["2025-12-15",0.0],["2025-12-16",0.0],["2025-12-17",-0.26230312],["2025-12-18",1.90962473],["2025-12-19",-0.69304352],["2025-12-20",0.0],["2025-12-21",0.05914238]],"wins":27,"losses":29,"draws":0,"winrate":0.48214285714285715,"holding_avg":"5:39:00","holding_avg_s":20340.0,"winner_holding_min":"0d 00:15","winner_holding_min_s":900.0,"winner_holding_max":"1d 04:15","winner_holding_max_s":101700.0,"winner_holding_avg":"0d 03:13","winner_holding_avg_s":11580.0,"loser_holding_min":"0d 01:30","loser_holding_min_s":5400.0,"loser_holding_max":"0d 23:15","loser_holding_max_s":83700.0,"loser_holding_avg":"0d 07:55","loser_holding_avg_s":28500.0,"max_consecutive_wins":5,"max_consecutive_losses":6,"max_drawdown_account":0.009369996217686659,"max_relative_drawdown":0.009369996217686659,"max_drawdown_abs":9.39181988,"drawdown_start":"2025-10-26 11:45:00","drawdown_start_ts":1761479100000.0,"drawdown_end":"2025-11-28 17:00:00","drawdown_end_ts":1764349200000.0,"drawdown_duration":"33 days 05:15:00","drawdown_duration_s":2870100.0,"max_drawdown_low":-7.06271944,"max_drawdown_high":2.32910044,"csum_min":992.93728056,"csum_max":1002.32910044}},"strategy_comparison":[{"key":"SMCAIUltimateStrategy","trades":56,"profit_mean":-0.0016206598238145211,"profit_mean_pct":-0.16,"profit_total_abs":-4.5114019,"profit_total":-0.0045114019,"profit_total_pct":-0.45,"duration_avg":"5:39:00","wins":27,"draws":0,"losses":29,"winrate":0.48214285714285715,"cagr":-0.02758505332704142,"expectancy":-0.0805607482142856,"expectancy_ratio":-0.1179393935586538,"sortino":-4.325651558221038,"sharpe":-2.1328596088507075,"calmar":-15.5907326069158,"sqn":-0.8723,"profit_factor":0.7722549641625995,"max_drawdown_account":0.009369996217686659,"max_drawdown_abs":"9.392"}]}