{"strategy":{"EPAAlphaTrend":{"trades":[{"pair":"BNB/USDT","stake_amount":99.5499,"max_stake_amount":99.5499,"amount":0.159,"open_date":"2024-06-03 08:00:00+00:00","close_date":"2024-06-04 08:00:00+00:00","open_rate":626.1,"close_rate":646.1552552552553,"fee_open":0.001,"fee_close":0.001,"trade_duration":1440,"profit_ratio":0.029970029970029972,"profit_abs":2.986497,"exit_reason":"roi","initial_stop_loss_abs":576.0120000000001,"initial_stop_loss_ratio":-0.08,"stop_loss_abs":576.0120000000001,"stop_loss_ratio":-0.08,"min_rate":619.9,"max_rate":649.6,"is_open":false,"enter_tag":"","leverage":1.0,"is_short":false,"open_timestamp":1717401600000,"close_timestamp":1717488000000,"orders":[{"amount":0.159,"safe_price":626.1,"ft_order_side":"buy","order_filled_timestamp":1717401600000,"ft_is_entry":true,"ft_order_tag":"","cost":99.6494499},{"amount":0.159,"safe_price":646.1552552552553,"ft_order_side":"sell","order_filled_timestamp":1717488000000,"ft_is_entry":false,"ft_order_tag":"roi","cost":102.84142427117116}],"funding_fees":0.0,"weekday":1},{"pair":"BTC/USDT","stake_amount":99.71962,"max_stake_amount":99.71962,"amount":0.00143,"open_date":"2024-06-12 16:00:00+00:00","close_date":"2024-06-12 20:00:00+00:00","open_rate":69734.0,"close_rate":67532.92,"fee_open":0.001,"fee_close":0.001,"trade_duration":240,"profit_ratio":-0.03349888020427279,"profit_abs":-3.3438361,"exit_reason":"exit_signal","initial_stop_loss_abs":64155.280000000006,"initial_stop_loss_ratio":-0.08,"stop_loss_abs":64155.280000000006,"stop_loss_ratio":-0.08,"min_rate":67250.0,"max_rate":69862.4,"is_open":false,"enter_tag":"","leverage":1.0,"is_short":false,"open_timestamp":1718208000000,"close_timestamp":1718222400000,"orders":[{"amount":0.00143,"safe_price":69734.0,"ft_order_side":"buy","order_filled_timestamp":1718208000000,"ft_is_entry":true,"ft_order_tag":"","cost":99.81933962},{"amount":0.00143,"safe_price":67532.92,"ft_order_side":"sell","order_filled_timestamp":1718222400000,"ft_is_entry":false,"ft_order_tag":"exit_signal","cost":96.6686476756}],"funding_fees":0.0,"weekday":2},{"pair":"SOL/USDT","stake_amount":99.94144,"max_stake_amount":99.94144,"amount":0.736,"open_date":"2024-06-25 04:00:00+00:00","close_date":"2024-06-27 12:00:00+00:00","open_rate":135.79,"close_rate":140.1396296296296,"fee_open":0.001,"fee_close":0.001,"trade_duration":3360,"profit_ratio":0.029970029970029972,"profit_abs":2.9982432,"exit_reason":"roi","initial_stop_loss_abs":124.9268,"initial_stop_loss_ratio":-0.08,"stop_loss_abs":146.6737,"stop_loss_ratio":-0.03,"min_rate":133.47,"max_rate":151.21,"is_open":false,"enter_tag":"","leverage":1.0,"is_short":false,"open_timestamp":1719288000000,"close_timestamp":1719489600000,"orders":[{"amount":0.736,"safe_price":135.79,"ft_order_side":"buy","order_filled_timestamp":1719288000000,"ft_is_entry":true,"ft_order_tag":"","cost":100.04138143999998},{"amount":0.736,"safe_price":140.1396296296296,"ft_order_side":"sell","order_filled_timestamp":1719489600000,"ft_is_entry":false,"ft_order_tag":"roi","cost":103.24591017481478}],"funding_fees":0.0,"weekday":3},{"pair":"ETH/USDT","stake_amount":99.784475,"max_stake_amount":99.784475,"amount":0.0289,"open_date":"2024-06-27 16:00:00+00:00","close_date":"2024-06-28 20:00:00+00:00","open_rate":3452.75,"close_rate":3379.74,"fee_open":0.001,"fee_close":0.001,"trade_duration":1680,"profit_ratio":-0.023101217069918117,"profit_abs":-2.30744796,"exit_reason":"exit_signal","initial_stop_loss_abs":3176.53,"initial_stop_loss_ratio":-0.08,"stop_loss_abs":3176.53,"stop_loss_ratio":-0.08,"min_rate":3365.22,"max_rate":3487.7,"is_open":false,"enter_tag":"","leverage":1.0,"is_short":false,"open_timestamp":1719504000000,"close_timestamp":1719604800000,"orders":[{"amount":0.0289,"safe_price":3452.75,"ft_order_side":"buy","order_filled_timestamp":1719504000000,"ft_is_entry":true,"ft_order_tag":"","cost":99.884259475},{"amount":0.0289,"safe_price":3379.74,"ft_order_side":"sell","order_filled_timestamp":1719604800000,"ft_is_entry":false,"ft_order_tag":"exit_signal","cost":97.77216048599998}],"funding_fees":0.0,"weekday":4},{"pair":"BNB/USDT","stake_amount":99.518,"max_stake_amount":99.518,"amount":0.17,"open_date":"2024-07-01 04:00:00+00:00","close_date":"2024-07-01 12:00:00+00:00","open_rate":585.4,"close_rate":577.4,"fee_open":0.001,"fee_close":0.001,"trade_duration":480,"profit_ratio":-0.015636567054401015,"profit_abs":-1.557676,"exit_reason":"exit_signal","initial_stop_loss_abs":538.568,"initial_stop_loss_ratio":-0.08,"stop_loss_abs":538.568,"stop_loss_ratio":-0.08,"min_rate":576.4,"max_rate":586.6,"is_open":false,"enter_tag":"","leverage":1.0,"is_short":false,"open_timestamp":1719806400000,"close_timestamp":1719835200000,"orders":[{"amount":0.17,"safe_price":585.4,"ft_order_side":"buy","order_filled_timestamp":1719806400000,"ft_is_entry":true,"ft_order_tag":"","cost":99.61751799999999},{"amount":0.17,"safe_price":577.4,"ft_order_side":"sell","order_filled_timestamp":1719835200000,"ft_is_entry":false,"ft_order_tag":"exit_signal","cost":98.25615799999999}],"funding_fees":0.0,"weekday":0},{"pair":"BTC/USDT","stake_amount":99.8074959,"max_stake_amount":99.8074959,"amount":0.00159,"open_date":"2024-07-01 00:00:00+00:00","close_date":"2024-07-02 16:00:00+00:00","open_rate":62772.01,"close_rate":61948.08,"fee_open":0.001,"fee_close":0.001,"trade_duration":2400,"profit_ratio":-0.015097531298816937,"profit_abs":-1.50835364,"exit_reason":"exit_signal","initial_stop_loss_abs":57750.249200000006,"initial_stop_loss_ratio":-0.08,"stop_loss_abs":57750.249200000006,"stop_loss_ratio":-0.08,"min_rate":61806.28,"max_rate":63861.76,"is_open":false,"enter_tag":"","leverage":1.0,"is_short":false,"open_timestamp":1719792000000,"close_timestamp":1719936000000,"orders":[{"amount":0.00159,"safe_price":62772.01,"ft_order_side":"buy","order_filled_timestamp":1719792000000,"ft_is_entry":true,"ft_order_tag":"","cost":99.9073033959},{"amount":0.00159,"safe_price":61948.08,"ft_order_side":"sell","order_filled_timestamp":1719936000000,"ft_is_entry":false,"ft_order_tag":"exit_signal","cost":98.5959446472}],"funding_fees":0.0,"weekday":1},{"pair":"XRP/USDT","stake_amount":99.98328,"max_stake_amount":99.98328,"amount":205.6,"open_date":"2024-07-02 12:00:00+00:00","close_date":"2024-07-03 16:00:00+00:00","open_rate":0.4863,"close_rate":0.4715,"fee_open":0.001,"fee_close":0.001,"trade_duration":1680,"profit_ratio":-0.03237108357404471,"profit_abs":-3.23980368,"exit_reason":"exit_signal","initial_stop_loss_abs":0.4474,"initial_stop_loss_ratio":-0.08,"stop_loss_abs":0.4474,"stop_loss_ratio":-0.08,"min_rate":0.4611,"max_rate":0.4889,"is_open":false,"enter_tag":"","leverage":1.0,"is_short":false,"open_timestamp":1719921600000,"close_timestamp":1720022400000,"orders":[{"amount":205.6,"safe_price":0.4863,"ft_order_side":"buy","order_filled_timestamp":1719921600000,"ft_is_entry":true,"ft_order_tag":"","cost":100.08326327999998},{"amount":205.6,"safe_price":0.4715,"ft_order_side":"sell","order_filled_timestamp":1720022400000,"ft_is_entry":false,"ft_order_tag":"exit_signal","cost":97.03734039999999}],"funding_fees":0.0,"weekday":2},{"pair":"ETH/USDT","stake_amount":99.725654,"max_stake_amount":99.725654,"amount":0.0322,"open_date":"2024-07-10 08:00:00+00:00","close_date":"2024-07-11 12:00:00+00:00","open_rate":3097.07,"close_rate":3196.2754454454453,"fee_open":0.001,"fee_close":0.001,"trade_duration":1680,"profit_ratio":0.02997002997002997,"profit_abs":2.99176962,"exit_reason":"roi","initial_stop_loss_abs":2849.3044000000004,"initial_stop_loss_ratio":-0.08,"stop_loss_abs":2849.3044000000004,"stop_loss_ratio":-0.08,"min_rate":3054.76,"max_rate":3217.24,"is_open":false,"enter_tag":"","leverage":1.0,"is_short":false,"open_timestamp":1720598400000,"close_timestamp":1720699200000,"orders":[{"amount":0.0322,"safe_price":3097.07,"ft_order_side":"buy","order_filled_timestamp":1720598400000,"ft_is_entry":true,"ft_order_tag":"","cost":99.82537965399999},{"amount":0.0322,"safe_price":3196.2754454454453,"ft_order_side":"sell","order_filled_timestamp":1720699200000,"ft_is_entry":false,"ft_order_tag":"roi","cost":103.02298941268666}],"funding_fees":0.0,"weekday":3},{"pair":"BTC/USDT","stake_amount":99.6728031,"max_stake_amount":99.6728031,"amount":0.00169,"open_date":"2024-07-10 08:00:00+00:00","close_date":"2024-07-12 04:00:00+00:00","open_rate":58977.99,"close_rate":56914.01,"fee_open":0.001,"fee_close":0.001,"trade_duration":2640,"profit_ratio":-0.03692384745045237,"profit_abs":-3.68398368,"exit_reason":"exit_signal","initial_stop_loss_abs":54259.7508,"initial_stop_loss_ratio":-0.08,"stop_loss_abs":54259.7508,"stop_loss_ratio":-0.08,"min_rate":56542.47,"max_rate":59650.0,"is_open":false,"enter_tag":"","leverage":1.0,"is_short":false,"open_timestamp":1720598400000,"close_timestamp":1720756800000,"orders":[{"amount":0.00169,"safe_price":58977.99,"ft_order_side":"buy","order_filled_timestamp":1720598400000,"ft_is_entry":true,"ft_order_tag":"","cost":99.77247590309999},{"amount":0.00169,"safe_price":56914.01,"ft_order_side":"sell","order_filled_timestamp":1720756800000,"ft_is_entry":false,"ft_order_tag":"exit_signal","cost":96.28086157690001}],"funding_fees":0.0,"weekday":4},{"pair":"XRP/USDT","stake_amount":99.99232,"max_stake_amount":99.99232,"amount":163.6,"open_date":"2024-07-22 12:00:00+00:00","close_date":"2024-07-24 08:00:00+00:00","open_rate":0.6112,"close_rate":0.6307779779779779,"fee_open":0.001,"fee_close":0.001,"trade_duration":2640,"profit_ratio":0.02997002997002997,"profit_abs":2.9997696,"exit_reason":"roi","initial_stop_loss_abs":0.5624,"initial_stop_loss_ratio":-0.08,"stop_loss_abs":0.5624,"stop_loss_ratio":-0.08,"min_rate":0.5797,"max_rate":0.6327,"is_open":false,"enter_tag":"","leverage":1.0,"is_short":false,"open_timestamp":1721649600000,"close_timestamp":1721808000000,"orders":[{"amount":163.6,"safe_price":0.6112,"ft_order_side":"buy","order_filled_timestamp":1721649600000,"ft_is_entry":true,"ft_order_tag":"","cost":100.09231231999998},{"amount":163.6,"safe_price":0.6307779779779779,"ft_order_side":"sell","order_filled_timestamp":1721808000000,"ft_is_entry":false,"ft_order_tag":"roi","cost":103.29847247439436}],"funding_fees":0.0,"weekday":2},{"pair":"BTC/USDT","stake_amount":99.89258,"max_stake_amount":99.89258,"amount":0.00149,"open_date":"2024-07-26 04:00:00+00:00","close_date":"2024-07-27 12:00:00+00:00","open_rate":67042.0,"close_rate":69189.49149149147,"fee_open":0.001,"fee_close":0.001,"trade_duration":1920,"profit_ratio":0.029970029970029972,"profit_abs":2.9967774,"exit_reason":"roi","initial_stop_loss_abs":61678.64,"initial_stop_loss_ratio":-0.08,"stop_loss_abs":61678.64,"stop_loss_ratio":-0.08,"min_rate":66870.82,"max_rate":69399.99,"is_open":false,"enter_tag":"","leverage":1.0,"is_short":false,"open_timestamp":1721966400000,"close_timestamp":1722081600000,"orders":[{"amount":0.00149,"safe_price":67042.0,"ft_order_side":"buy","order_filled_timestamp":1721966400000,"ft_is_entry":true,"ft_order_tag":"","cost":99.99247257999998},{"amount":0.00149,"safe_price":69189.49149149147,"ft_order_side":"sell","order_filled_timestamp":1722081600000,"ft_is_entry":false,"ft_order_tag":"roi","cost":103.19543466464461}],"funding_fees":0.0,"weekday":5},{"pair":"BNB/USDT","stake_amount":99.5064,"max_stake_amount":99.5064,"amount":0.168,"open_date":"2024-07-29 04:00:00+00:00","close_date":"2024-07-29 16:00:00+00:00","open_rate":592.3,"close_rate":582.9,"fee_open":0.001,"fee_close":0.001,"trade_duration":720,"profit_ratio":-0.017836629013397543,"profit_abs":-1.7766336,"exit_reason":"exit_signal","initial_stop_loss_abs":544.9159999999999,"initial_stop_loss_ratio":-0.08,"stop_loss_abs":544.9159999999999,"stop_loss_ratio":-0.08,"min_rate":572.2,"max_rate":595.3,"is_open":false,"enter_tag":"","leverage":1.0,"is_short":false,"open_timestamp":1722225600000,"close_timestamp":1722268800000,"orders":[{"amount":0.168,"safe_price":592.3,"ft_order_side":"buy","order_filled_timestamp":1722225600000,"ft_is_entry":true,"ft_order_tag":"","cost":99.6059064},{"amount":0.168,"safe_price":582.9,"ft_order_side":"sell","order_filled_timestamp":1722268800000,"ft_is_entry":false,"ft_order_tag":"exit_signal","cost":98.02512719999999}],"funding_fees":0.0,"weekday":0},{"pair":"ETH/USDT","stake_amount":99.799604,"max_stake_amount":99.799604,"amount":0.0298,"open_date":"2024-07-29 04:00:00+00:00","close_date":"2024-07-29 16:00:00+00:00","open_rate":3348.98,"close_rate":3308.66,"fee_open":0.001,"fee_close":0.001,"trade_duration":720,"profit_ratio":-0.014013433709267373,"profit_abs":-1.39993367,"exit_reason":"exit_signal","initial_stop_loss_abs":3081.0616,"initial_stop_loss_ratio":-0.08,"stop_loss_abs":3081.0616,"stop_loss_ratio":-0.08,"min_rate":3258.0,"max_rate":3396.77,"is_open":false,"enter_tag":"","leverage":1.0,"is_short":false,"open_timestamp":1722225600000,"close_timestamp":1722268800000,"orders":[{"amount":0.0298,"safe_price":3348.98,"ft_order_side":"buy","order_filled_timestamp":1722225600000,"ft_is_entry":true,"ft_order_tag":"","cost":99.89940360399999},{"amount":0.0298,"safe_price":3308.66,"ft_order_side":"sell","order_filled_timestamp":1722268800000,"ft_is_entry":false,"ft_order_tag":"exit_signal","cost":98.69666606799998}],"funding_fees":0.0,"weekday":0},{"pair":"XRP/USDT","stake_amount":99.94995,"max_stake_amount":99.94995,"amount":166.5,"open_date":"2024-08-08 00:00:00+00:00","close_date":"2024-08-08 16:00:00+00:00","open_rate":0.6003,"close_rate":0.6315468468468467,"fee_open":0.001,"fee_close":0.001,"trade_duration":960,"profit_ratio":0.04995004995004995,"profit_abs":4.9974975,"exit_reason":"roi","initial_stop_loss_abs":0.5523,"initial_stop_loss_ratio":-0.08,"stop_loss_abs":0.6232,"stop_loss_ratio":-0.03,"min_rate":0.5785,"max_rate":0.6424,"is_open":false,"enter_tag":"","leverage":1.0,"is_short":false,"open_timestamp":1723075200000,"close_timestamp":1723132800000,"orders":[{"amount":166.5,"safe_price":0.6003,"ft_order_side":"buy","order_filled_timestamp":1723075200000,"ft_is_entry":true,"ft_order_tag":"","cost":100.04989994999998},{"amount":166.5,"safe_price":0.6315468468468467,"ft_order_side":"sell","order_filled_timestamp":1723132800000,"ft_is_entry":false,"ft_order_tag":"roi","cost":105.25770254999996}],"funding_fees":0.0,"weekday":3},{"pair":"BTC/USDT","stake_amount":99.8390904,"max_stake_amount":99.8390904,"amount":0.00168,"open_date":"2024-08-08 16:00:00+00:00","close_date":"2024-08-08 20:00:00+00:00","open_rate":59428.03,"close_rate":60862.7858,"fee_open":0.001,"fee_close":0.001,"trade_duration":240,"profit_ratio":0.022096506148908932,"profit_abs":2.20830117,"exit_reason":"trailing_stop_loss","initial_stop_loss_abs":54673.7876,"initial_stop_loss_ratio":-0.08,"stop_loss_abs":60862.7858,"stop_loss_ratio":-0.03,"min_rate":59237.59,"max_rate":62745.14,"is_open":false,"enter_tag":"","leverage":1.0,"is_short":false,"open_timestamp":1723132800000,"close_timestamp":1723147200000,"orders":[{"amount":0.00168,"safe_price":59428.03,"ft_order_side":"buy","order_filled_timestamp":1723132800000,"ft_is_entry":true,"ft_order_tag":"","cost":99.93892949039999},{"amount":0.00168,"safe_price":60862.7858,"ft_order_side":"sell","order_filled_timestamp":1723147200000,"ft_is_entry":false,"ft_order_tag":"trailing_stop_loss","cost":102.35172962414399}],"funding_fees":0.0,"weekday":3},{"pair":"ETH/USDT","stake_amount":99.789,"max_stake_amount":99.789,"amount":0.0372,"open_date":"2024-08-09 00:00:00+00:00","close_date":"2024-08-12 04:00:00+00:00","open_rate":2682.5,"close_rate":2541.03,"fee_open":0.001,"fee_close":0.001,"trade_duration":4560,"profit_ratio":-0.05463074860182758,"profit_abs":-5.45699932,"exit_reason":"exit_signal","initial_stop_loss_abs":2467.9,"initial_stop_loss_ratio":-0.08,"stop_loss_abs":2467.9,"stop_loss_ratio":-0.08,"min_rate":2510.05,"max_rate":2720.0,"is_open":false,"enter_tag":"","leverage":1.0,"is_short":false,"open_timestamp":1723161600000,"close_timestamp":1723435200000,"orders":[{"amount":0.0372,"safe_price":2682.5,"ft_order_side":"buy","order_filled_timestamp":1723161600000,"ft_is_entry":true,"ft_order_tag":"","cost":99.88878899999997},{"amount":0.0372,"safe_price":2541.03,"ft_order_side":"sell","order_filled_timestamp":1723435200000,"ft_is_entry":false,"ft_order_tag":"exit_signal","cost":94.62084231599998}],"funding_fees":0.0,"weekday":0},{"pair":"BTC/USDT","stake_amount":99.4154716,"max_stake_amount":99.4154716,"amount":0.00164,"open_date":"2024-08-20 04:00:00+00:00","close_date":"2024-08-20 16:00:00+00:00","open_rate":60619.19,"close_rate":58825.53,"fee_open":0.001,"fee_close":0.001,"trade_duration":720,"profit_ratio":-0.03152786314014108,"profit_abs":-3.13749174,"exit_reason":"exit_signal","initial_stop_loss_abs":55769.654800000004,"initial_stop_loss_ratio":-0.08,"stop_loss_abs":55769.654800000004,"stop_loss_ratio":-0.08,"min_rate":58548.23,"max_rate":61400.0,"is_open":false,"enter_tag":"","leverage":1.0,"is_short":false,"open_timestamp":1724126400000,"close_timestamp":1724169600000,"orders":[{"amount":0.00164,"safe_price":60619.19,"ft_order_side":"buy","order_filled_timestamp":1724126400000,"ft_is_entry":true,"ft_order_tag":"","cost":99.51488707159999},{"amount":0.00164,"safe_price":58825.53,"ft_order_side":"sell","order_filled_timestamp":1724169600000,"ft_is_entry":false,"ft_order_tag":"exit_signal","cost":96.57034306919998}],"funding_fees":0.0,"weekday":1},{"pair":"SOL/USDT","stake_amount":99.9996,"max_stake_amount":99.9996,"amount":0.668,"open_date":"2024-08-23 20:00:00+00:00","close_date":"2024-08-24 08:00:00+00:00","open_rate":149.7,"close_rate":157.4921921921922,"fee_open":0.001,"fee_close":0.001,"trade_duration":720,"profit_ratio":0.049950049950049945,"profit_abs":4.99998,"exit_reason":"roi","initial_stop_loss_abs":137.724,"initial_stop_loss_ratio":-0.08,"stop_loss_abs":153.9778,"stop_loss_ratio":-0.03,"min_rate":149.68,"max_rate":158.74,"is_open":false,"enter_tag":"","leverage":1.0,"is_short":false,"open_timestamp":1724443200000,"close_timestamp":1724486400000,"orders":[{"amount":0.668,"safe_price":149.7,"ft_order_side":"buy","order_filled_timestamp":1724443200000,"ft_is_entry":true,"ft_order_tag":"","cost":100.09959959999999},{"amount":0.668,"safe_price":157.4921921921922,"ft_order_side":"sell","order_filled_timestamp":1724486400000,"ft_is_entry":false,"ft_order_tag":"roi","cost":105.30998916876877}],"funding_fees":0.0,"weekday":5},{"pair":"ETH/USDT","stake_amount":99.97442,"max_stake_amount":99.97442,"amount":0.0364,"open_date":"2024-08-23 20:00:00+00:00","close_date":"2024-08-26 20:00:00+00:00","open_rate":2746.55,"close_rate":2680.84,"fee_open":0.001,"fee_close":0.001,"trade_duration":4320,"profit_ratio":-0.02587476062190894,"profit_abs":-2.589401,"exit_reason":"exit_signal","initial_stop_loss_abs":2526.8260000000005,"initial_stop_loss_ratio":-0.08,"stop_loss_abs":2526.8260000000005,"stop_loss_ratio":-0.08,"min_rate":2666.66,"max_rate":2820.0,"is_open":false,"enter_tag":"","leverage":1.0,"is_short":false,"open_timestamp":1724443200000,"close_timestamp":1724702400000,"orders":[{"amount":0.0364,"safe_price":2746.55,"ft_order_side":"buy","order_filled_timestamp":1724443200000,"ft_is_entry":true,"ft_order_tag":"","cost":100.07439442},{"amount":0.0364,"safe_price":2680.84,"ft_order_side":"sell","order_filled_timestamp":1724702400000,"ft_is_entry":false,"ft_order_tag":"exit_signal","cost":97.680158576}],"funding_fees":0.0,"weekday":0},{"pair":"ETH/USDT","stake_amount":99.99066,"max_stake_amount":99.99066,"amount":0.042,"open_date":"2024-09-10 20:00:00+00:00","close_date":"2024-09-11 12:00:00+00:00","open_rate":2380.73,"close_rate":2327.59,"fee_open":0.001,"fee_close":0.001,"trade_duration":960,"profit_ratio":-0.02427428959627067,"profit_abs":-2.42962944,"exit_reason":"exit_signal","initial_stop_loss_abs":2190.2716,"initial_stop_loss_ratio":-0.08,"stop_loss_abs":2190.2716,"stop_loss_ratio":-0.08,"min_rate":2277.68,"max_rate":2400.0,"is_open":false,"enter_tag":"","leverage":1.0,"is_short":false,"open_timestamp":1725998400000,"close_timestamp":1726056000000,"orders":[{"amount":0.042,"safe_price":2380.73,"ft_order_side":"buy","order_filled_timestamp":1725998400000,"ft_is_entry":true,"ft_order_tag":"","cost":100.09065066},{"amount":0.042,"safe_price":2327.59,"ft_order_side":"sell","order_filled_timestamp":1726056000000,"ft_is_entry":false,"ft_order_tag":"exit_signal","cost":97.85653878000001}],"funding_fees":0.0,"weekday":2},{"pair":"SOL/USDT","stake_amount":99.89115,"max_stake_amount":99.89115,"amount":0.731,"open_date":"2024-09-10 20:00:00+00:00","close_date":"2024-09-11 12:00:00+00:00","open_rate":136.65,"close_rate":131.99,"fee_open":0.001,"fee_close":0.001,"trade_duration":960,"profit_ratio":-0.03603158641577961,"profit_abs":-3.60283584,"exit_reason":"exit_signal","initial_stop_loss_abs":125.71800000000002,"initial_stop_loss_ratio":-0.08,"stop_loss_abs":125.71800000000002,"stop_loss_ratio":-0.08,"min_rate":128.2,"max_rate":136.79,"is_open":false,"enter_tag":"","leverage":1.0,"is_short":false,"open_timestamp":1725998400000,"close_timestamp":1726056000000,"orders":[{"amount":0.731,"safe_price":136.65,"ft_order_side":"buy","order_filled_timestamp":1725998400000,"ft_is_entry":true,"ft_order_tag":"","cost":99.99104114999999},{"amount":0.731,"safe_price":131.99,"ft_order_side":"sell","order_filled_timestamp":1726056000000,"ft_is_entry":false,"ft_order_tag":"exit_signal","cost":96.58117468999998}],"funding_fees":0.0,"weekday":2},{"pair":"BNB/USDT","stake_amount":99.8784,"max_stake_amount":99.8784,"amount":0.192,"open_date":"2024-09-09 20:00:00+00:00","close_date":"2024-09-12 00:00:00+00:00","open_rate":520.2,"close_rate":536.863063063063,"fee_open":0.001,"fee_close":0.001,"trade_duration":3120,"profit_ratio":0.029970029970029972,"profit_abs":2.996352,"exit_reason":"roi","initial_stop_loss_abs":478.58400000000006,"initial_stop_loss_ratio":-0.08,"stop_loss_abs":478.58400000000006,"stop_loss_ratio":-0.08,"min_rate":506.5,"max_rate":546.8,"is_open":false,"enter_tag":"","leverage":1.0,"is_short":false,"open_timestamp":1725912000000,"close_timestamp":1726099200000,"orders":[{"amount":0.192,"safe_price":520.2,"ft_order_side":"buy","order_filled_timestamp":1725912000000,"ft_is_entry":true,"ft_order_tag":"","cost":99.97827840000001},{"amount":0.192,"safe_price":536.863063063063,"ft_order_side":"sell","order_filled_timestamp":1726099200000,"ft_is_entry":false,"ft_order_tag":"roi","cost":103.1807858162162}],"funding_fees":0.0,"weekday":3},{"pair":"BTC/USDT","stake_amount":99.9066775,"max_stake_amount":99.9066775,"amount":0.00175,"open_date":"2024-09-09 20:00:00+00:00","close_date":"2024-09-13 12:00:00+00:00","open_rate":57089.53,"close_rate":58918.22365365364,"fee_open":0.001,"fee_close":0.001,"trade_duration":5280,"profit_ratio":0.029970029920033264,"profit_abs":2.99720032,"exit_reason":"roi","initial_stop_loss_abs":52522.3676,"initial_stop_loss_ratio":-0.08,"stop_loss_abs":52522.3676,"stop_loss_ratio":-0.08,"min_rate":55545.19,"max_rate":59723.97,"is_open":false,"enter_tag":"","leverage":1.0,"is_short":false,"open_timestamp":1725912000000,"close_timestamp":1726228800000,"orders":[{"amount":0.00175,"safe_price":57089.53,"ft_order_side":"buy","order_filled_timestamp":1725912000000,"ft_is_entry":true,"ft_order_tag":"","cost":100.00658417749999},{"amount":0.00175,"safe_price":58918.22365365364,"ft_order_side":"sell","order_filled_timestamp":1726228800000,"ft_is_entry":false,"ft_order_tag":"roi","cost":103.20999828528774}],"funding_fees":0.0,"weekday":4},{"pair":"XRP/USDT","stake_amount":99.99561,"max_stake_amount":99.99561,"amount":179.3,"open_date":"2024-09-12 16:00:00+00:00","close_date":"2024-09-14 00:00:00+00:00","open_rate":0.5577,"close_rate":0.5755642642642642,"fee_open":0.001,"fee_close":0.001,"trade_duration":1920,"profit_ratio":0.02997002997002997,"profit_abs":2.9998683,"exit_reason":"roi","initial_stop_loss_abs":0.5131,"initial_stop_loss_ratio":-0.08,"stop_loss_abs":0.5131,"stop_loss_ratio":-0.08,"min_rate":0.5546,"max_rate":0.5803,"is_open":false,"enter_tag":"","leverage":1.0,"is_short":false,"open_timestamp":1726156800000,"close_timestamp":1726272000000,"orders":[{"amount":179.3,"safe_price":0.5577,"ft_order_side":"buy","order_filled_timestamp":1726156800000,"ft_is_entry":true,"ft_order_tag":"","cost":100.09560560999999},{"amount":179.3,"safe_price":0.5755642642642642,"ft_order_side":"sell","order_filled_timestamp":1726272000000,"ft_is_entry":false,"ft_order_tag":"roi","cost":103.30187125516514}],"funding_fees":0.0,"weekday":5},{"pair":"BTC/USDT","stake_amount":99.6508487,"max_stake_amount":99.6508487,"amount":0.00163,"open_date":"2024-09-17 16:00:00+00:00","close_date":"2024-09-19 12:00:00+00:00","open_rate":61135.49,"close_rate":63093.783973973965,"fee_open":0.001,"fee_close":0.001,"trade_duration":2640,"profit_ratio":0.029970029960004953,"profit_abs":2.98952546,"exit_reason":"roi","initial_stop_loss_abs":56244.6508,"initial_stop_loss_ratio":-0.08,"stop_loss_abs":56244.6508,"stop_loss_ratio":-0.08,"min_rate":59174.8,"max_rate":63500.84,"is_open":false,"enter_tag":"","leverage":1.0,"is_short":false,"open_timestamp":1726588800000,"close_timestamp":1726747200000,"orders":[{"amount":0.00163,"safe_price":61135.49,"ft_order_side":"buy","order_filled_timestamp":1726588800000,"ft_is_entry":true,"ft_order_tag":"","cost":99.75049954869999},{"amount":0.00163,"safe_price":63093.783973973965,"ft_order_side":"sell","order_filled_timestamp":1726747200000,"ft_is_entry":false,"ft_order_tag":"roi","cost":102.94571074545513}],"funding_fees":0.0,"weekday":3},{"pair":"ETH/USDT","stake_amount":99.993504,"max_stake_amount":99.993504,"amount":0.0416,"open_date":"2024-09-19 04:00:00+00:00","close_date":"2024-09-20 04:00:00+00:00","open_rate":2403.69,"close_rate":2520.56,"fee_open":0.001,"fee_close":0.001,"trade_duration":1440,"profit_ratio":0.046525931415413835,"profit_abs":4.6569432,"exit_reason":"roi","initial_stop_loss_abs":2211.3948,"initial_stop_loss_ratio":-0.08,"stop_loss_abs":2494.7720999999997,"stop_loss_ratio":-0.03,"min_rate":2399.59,"max_rate":2571.93,"is_open":false,"enter_tag":"","leverage":1.0,"is_short":false,"open_timestamp":1726718400000,"close_timestamp":1726804800000,"orders":[{"amount":0.0416,"safe_price":2403.69,"ft_order_side":"buy","order_filled_timestamp":1726718400000,"ft_is_entry":true,"ft_order_tag":"","cost":100.09349750399998},{"amount":0.0416,"safe_price":2520.56,"ft_order_side":"sell","order_filled_timestamp":1726804800000,"ft_is_entry":false,"ft_order_tag":"roi","cost":104.96015129599998}],"funding_fees":0.0,"weekday":4},{"pair":"SOL/USDT","stake_amount":99.91924,"max_stake_amount":99.91924,"amount":0.724,"open_date":"2024-09-19 04:00:00+00:00","close_date":"2024-09-20 04:00:00+00:00","open_rate":138.01,"close_rate":144.65,"fee_open":0.001,"fee_close":0.001,"trade_duration":1440,"profit_ratio":0.04601832483870017,"profit_abs":4.60271416,"exit_reason":"roi","initial_stop_loss_abs":126.9692,"initial_stop_loss_ratio":-0.08,"stop_loss_abs":147.92499999999998,"stop_loss_ratio":-0.03,"min_rate":137.6,"max_rate":152.5,"is_open":false,"enter_tag":"","leverage":1.0,"is_short":false,"open_timestamp":1726718400000,"close_timestamp":1726804800000,"orders":[{"amount":0.724,"safe_price":138.01,"ft_order_side":"buy","order_filled_timestamp":1726718400000,"ft_is_entry":true,"ft_order_tag":"","cost":100.01915923999998},{"amount":0.724,"safe_price":144.65,"ft_order_side":"sell","order_filled_timestamp":1726804800000,"ft_is_entry":false,"ft_order_tag":"roi","cost":104.8313266}],"funding_fees":0.0,"weekday":4},{"pair":"XRP/USDT","stake_amount":99.97666,"max_stake_amount":99.97666,"amount":166.6,"open_date":"2024-09-21 20:00:00+00:00","close_date":"2024-09-24 00:00:00+00:00","open_rate":0.6001,"close_rate":0.5848,"fee_open":0.001,"fee_close":0.001,"trade_duration":3120,"profit_ratio":-0.02744281214536172,"profit_abs":-2.74638434,"exit_reason":"exit_signal","initial_stop_loss_abs":0.5521,"initial_stop_loss_ratio":-0.08,"stop_loss_abs":0.5521,"stop_loss_ratio":-0.08,"min_rate":0.5778,"max_rate":0.6053,"is_open":false,"enter_tag":"","leverage":1.0,"is_short":false,"open_timestamp":1726948800000,"close_timestamp":1727136000000,"orders":[{"amount":166.6,"safe_price":0.6001,"ft_order_side":"buy","order_filled_timestamp":1726948800000,"ft_is_entry":true,"ft_order_tag":"","cost":100.07663665999999},{"amount":166.6,"safe_price":0.5848,"ft_order_side":"sell","order_filled_timestamp":1727136000000,"ft_is_entry":false,"ft_order_tag":"exit_signal","cost":97.52510767999999}],"funding_fees":0.0,"weekday":1},{"pair":"BTC/USDT","stake_amount":99.7429007,"max_stake_amount":99.7429007,"amount":0.00157,"open_date":"2024-10-07 04:00:00+00:00","close_date":"2024-10-08 00:00:00+00:00","open_rate":63530.51,"close_rate":62224.01,"fee_open":0.001,"fee_close":0.001,"trade_duration":1200,"profit_ratio":-0.022521835549476926,"profit_abs":-2.2486396,"exit_reason":"exit_signal","initial_stop_loss_abs":58448.069200000005,"initial_stop_loss_ratio":-0.08,"stop_loss_abs":58448.069200000005,"stop_loss_ratio":-0.08,"min_rate":62128.0,"max_rate":64478.19,"is_open":false,"enter_tag":"","leverage":1.0,"is_short":false,"open_timestamp":1728273600000,"close_timestamp":1728345600000,"orders":[{"amount":0.00157,"safe_price":63530.51,"ft_order_side":"buy","order_filled_timestamp":1728273600000,"ft_is_entry":true,"ft_order_tag":"","cost":99.8426436007},{"amount":0.00157,"safe_price":62224.01,"ft_order_side":"sell","order_filled_timestamp":1728345600000,"ft_is_entry":false,"ft_order_tag":"exit_signal","cost":97.78938739569999}],"funding_fees":0.0,"weekday":1},{"pair":"BNB/USDT","stake_amount":99.7716,"max_stake_amount":99.7716,"amount":0.174,"open_date":"2024-10-07 04:00:00+00:00","close_date":"2024-10-08 00:00:00+00:00","open_rate":573.4,"close_rate":564.4,"fee_open":0.001,"fee_close":0.001,"trade_duration":1200,"profit_ratio":-0.017662490979547134,"profit_abs":-1.7639772,"exit_reason":"exit_signal","initial_stop_loss_abs":527.528,"initial_stop_loss_ratio":-0.08,"stop_loss_abs":527.528,"stop_loss_ratio":-0.08,"min_rate":563.3,"max_rate":581.8,"is_open":false,"enter_tag":"","leverage":1.0,"is_short":false,"open_timestamp":1728273600000,"close_timestamp":1728345600000,"orders":[{"amount":0.174,"safe_price":573.4,"ft_order_side":"buy","order_filled_timestamp":1728273600000,"ft_is_entry":true,"ft_order_tag":"","cost":99.87137159999997},{"amount":0.174,"safe_price":564.4,"ft_order_side":"sell","order_filled_timestamp":1728345600000,"ft_is_entry":false,"ft_order_tag":"exit_signal","cost":98.30380559999998}],"funding_fees":0.0,"weekday":1},{"pair":"ETH/USDT","stake_amount":99.8136,"max_stake_amount":99.8136,"amount":0.04,"open_date":"2024-10-07 04:00:00+00:00","close_date":"2024-10-08 00:00:00+00:00","open_rate":2495.34,"close_rate":2422.7,"fee_open":0.001,"fee_close":0.001,"trade_duration":1200,"profit_ratio":-0.031050101164794952,"profit_abs":-3.1023216,"exit_reason":"exit_signal","initial_stop_loss_abs":2295.7128000000002,"initial_stop_loss_ratio":-0.08,"stop_loss_abs":2295.7128000000002,"stop_loss_ratio":-0.08,"min_rate":2403.0,"max_rate":2521.0,"is_open":false,"enter_tag":"","leverage":1.0,"is_short":false,"open_timestamp":1728273600000,"close_timestamp":1728345600000,"orders":[{"amount":0.04,"safe_price":2495.34,"ft_order_side":"buy","order_filled_timestamp":1728273600000,"ft_is_entry":true,"ft_order_tag":"","cost":99.9134136},{"amount":0.04,"safe_price":2422.7,"ft_order_side":"sell","order_filled_timestamp":1728345600000,"ft_is_entry":false,"ft_order_tag":"exit_signal","cost":97.00490799999999}],"funding_fees":0.0,"weekday":1},{"pair":"SOL/USDT","stake_amount":99.8667,"max_stake_amount":99.8667,"amount":0.666,"open_date":"2024-10-07 04:00:00+00:00","close_date":"2024-10-08 08:00:00+00:00","open_rate":149.95,"close_rate":143.08,"fee_open":0.001,"fee_close":0.001,"trade_duration":1680,"profit_ratio":-0.04772173475074442,"profit_abs":-4.77057798,"exit_reason":"exit_signal","initial_stop_loss_abs":137.954,"initial_stop_loss_ratio":-0.08,"stop_loss_abs":137.954,"stop_loss_ratio":-0.08,"min_rate":142.17,"max_rate":152.4,"is_open":false,"enter_tag":"","leverage":1.0,"is_short":false,"open_timestamp":1728273600000,"close_timestamp":1728374400000,"orders":[{"amount":0.666,"safe_price":149.95,"ft_order_side":"buy","order_filled_timestamp":1728273600000,"ft_is_entry":true,"ft_order_tag":"","cost":99.96656669999999},{"amount":0.666,"safe_price":143.08,"ft_order_side":"sell","order_filled_timestamp":1728374400000,"ft_is_entry":false,"ft_order_tag":"exit_signal","cost":95.38657128}],"funding_fees":0.0,"weekday":1},{"pair":"BTC/USDT","stake_amount":99.67588,"max_stake_amount":99.67588,"amount":0.00158,"open_date":"2024-10-11 20:00:00+00:00","close_date":"2024-10-13 16:00:00+00:00","open_rate":63086.0,"close_rate":62229.32,"fee_open":0.001,"fee_close":0.001,"trade_duration":2640,"profit_ratio":-0.015550428121553654,"profit_abs":-1.55155261,"exit_reason":"exit_signal","initial_stop_loss_abs":58039.12,"initial_stop_loss_ratio":-0.08,"stop_loss_abs":58039.12,"stop_loss_ratio":-0.08,"min_rate":62050.0,"max_rate":63480.0,"is_open":false,"enter_tag":"","leverage":1.0,"is_short":false,"open_timestamp":1728676800000,"close_timestamp":1728835200000,"orders":[{"amount":0.00158,"safe_price":63086.0,"ft_order_side":"buy","order_filled_timestamp":1728676800000,"ft_is_entry":true,"ft_order_tag":"","cost":99.77555588},{"amount":0.00158,"safe_price":62229.32,"ft_order_side":"sell","order_filled_timestamp":1728835200000,"ft_is_entry":false,"ft_order_tag":"exit_signal","cost":98.4206479256}],"funding_fees":0.0,"weekday":6},{"pair":"ETH/USDT","stake_amount":99.835956,"max_stake_amount":99.835956,"amount":0.0396,"open_date":"2024-10-14 04:00:00+00:00","close_date":"2024-10-14 20:00:00+00:00","open_rate":2521.11,"close_rate":2652.3389489489487,"fee_open":0.001,"fee_close":0.001,"trade_duration":960,"profit_ratio":0.049950049950049945,"profit_abs":4.9917978,"exit_reason":"roi","initial_stop_loss_abs":2319.4212,"initial_stop_loss_ratio":-0.08,"stop_loss_abs":2574.38,"stop_loss_ratio":-0.03,"min_rate":2511.34,"max_rate":2654.0,"is_open":false,"enter_tag":"","leverage":1.0,"is_short":false,"open_timestamp":1728878400000,"close_timestamp":1728936000000,"orders":[{"amount":0.0396,"safe_price":2521.11,"ft_order_side":"buy","order_filled_timestamp":1728878400000,"ft_is_entry":true,"ft_order_tag":"","cost":99.935791956},{"amount":0.0396,"safe_price":2652.3389489489487,"ft_order_side":"sell","order_filled_timestamp":1728936000000,"ft_is_entry":false,"ft_order_tag":"roi","cost":105.13765500075674}],"funding_fees":0.0,"weekday":0},{"pair":"XRP/USDT","stake_amount":99.9544,"max_stake_amount":99.9544,"amount":182.0,"open_date":"2024-10-14 16:00:00+00:00","close_date":"2024-10-15 12:00:00+00:00","open_rate":0.5492,"close_rate":0.5362,"fee_open":0.001,"fee_close":0.001,"trade_duration":1200,"profit_ratio":-0.025621501586541647,"profit_abs":-2.5635428,"exit_reason":"exit_signal","initial_stop_loss_abs":0.5053,"initial_stop_loss_ratio":-0.08,"stop_loss_abs":0.5053,"stop_loss_ratio":-0.08,"min_rate":0.5315,"max_rate":0.5556,"is_open":false,"enter_tag":"","leverage":1.0,"is_short":false,"open_timestamp":1728921600000,"close_timestamp":1728993600000,"orders":[{"amount":182.0,"safe_price":0.5492,"ft_order_side":"buy","order_filled_timestamp":1728921600000,"ft_is_entry":true,"ft_order_tag":"","cost":100.0543544},{"amount":182.0,"safe_price":0.5362,"ft_order_side":"sell","order_filled_timestamp":1728993600000,"ft_is_entry":false,"ft_order_tag":"exit_signal","cost":97.6859884}],"funding_fees":0.0,"weekday":1},{"pair":"ETH/USDT","stake_amount":99.876825,"max_stake_amount":99.876825,"amount":0.0383,"open_date":"2024-10-29 04:00:00+00:00","close_date":"2024-10-30 08:00:00+00:00","open_rate":2607.75,"close_rate":2691.281531531531,"fee_open":0.001,"fee_close":0.001,"trade_duration":1680,"profit_ratio":0.02997002997002997,"profit_abs":2.99630475,"exit_reason":"roi","initial_stop_loss_abs":2399.13,"initial_stop_loss_ratio":-0.08,"stop_loss_abs":2399.13,"stop_loss_ratio":-0.08,"min_rate":2599.66,"max_rate":2696.5,"is_open":false,"enter_tag":"","leverage":1.0,"is_short":false,"open_timestamp":1730174400000,"close_timestamp":1730275200000,"orders":[{"amount":0.0383,"safe_price":2607.75,"ft_order_side":"buy","order_filled_timestamp":1730174400000,"ft_is_entry":true,"ft_order_tag":"","cost":99.97670182499999},{"amount":0.0383,"safe_price":2691.281531531531,"ft_order_side":"sell","order_filled_timestamp":1730275200000,"ft_is_entry":false,"ft_order_tag":"roi","cost":103.17915874031529}],"funding_fees":0.0,"weekday":2},{"pair":"BNB/USDT","stake_amount":99.7826,"max_stake_amount":99.7826,"amount":0.166,"open_date":"2024-10-29 00:00:00+00:00","close_date":"2024-10-30 12:00:00+00:00","open_rate":601.1,"close_rate":595.7,"fee_open":0.001,"fee_close":0.001,"trade_duration":2160,"profit_ratio":-0.010963583081367143,"profit_abs":-1.0950688,"exit_reason":"exit_signal","initial_stop_loss_abs":553.0120000000001,"initial_stop_loss_ratio":-0.08,"stop_loss_abs":553.0120000000001,"stop_loss_ratio":-0.08,"min_rate":594.1,"max_rate":612.2,"is_open":false,"enter_tag":"","leverage":1.0,"is_short":false,"open_timestamp":1730160000000,"close_timestamp":1730289600000,"orders":[{"amount":0.166,"safe_price":601.1,"ft_order_side":"buy","order_filled_timestamp":1730160000000,"ft_is_entry":true,"ft_order_tag":"","cost":99.88238259999999},{"amount":0.166,"safe_price":595.7,"ft_order_side":"sell","order_filled_timestamp":1730289600000,"ft_is_entry":false,"ft_order_tag":"exit_signal","cost":98.98508620000001}],"funding_fees":0.0,"weekday":2},{"pair":"SOL/USDT","stake_amount":99.9955,"max_stake_amount":99.9955,"amount":0.55,"open_date":"2024-10-29 04:00:00+00:00","close_date":"2024-10-30 12:00:00+00:00","open_rate":181.81,"close_rate":175.7,"fee_open":0.001,"fee_close":0.001,"trade_duration":1920,"profit_ratio":-0.03553736841234779,"profit_abs":-3.5571305,"exit_reason":"exit_signal","initial_stop_loss_abs":167.26520000000002,"initial_stop_loss_ratio":-0.08,"stop_loss_abs":167.26520000000002,"stop_loss_ratio":-0.08,"min_rate":173.15,"max_rate":183.38,"is_open":false,"enter_tag":"","leverage":1.0,"is_short":false,"open_timestamp":1730174400000,"close_timestamp":1730289600000,"orders":[{"amount":0.55,"safe_price":181.81,"ft_order_side":"buy","order_filled_timestamp":1730174400000,"ft_is_entry":true,"ft_order_tag":"","cost":100.0954955},{"amount":0.55,"safe_price":175.7,"ft_order_side":"sell","order_filled_timestamp":1730289600000,"ft_is_entry":false,"ft_order_tag":"exit_signal","cost":96.731635}],"funding_fees":0.0,"weekday":2},{"pair":"ETH/USDT","stake_amount":99.819297,"max_stake_amount":99.819297,"amount":0.0387,"open_date":"2024-11-06 04:00:00+00:00","close_date":"2024-11-06 20:00:00+00:00","open_rate":2579.31,"close_rate":2713.568378378378,"fee_open":0.001,"fee_close":0.001,"trade_duration":960,"profit_ratio":0.04995004995004995,"profit_abs":4.99096485,"exit_reason":"roi","initial_stop_loss_abs":2372.9652,"initial_stop_loss_ratio":-0.08,"stop_loss_abs":2662.359,"stop_loss_ratio":-0.03,"min_rate":2561.0,"max_rate":2744.7,"is_open":false,"enter_tag":"","leverage":1.0,"is_short":false,"open_timestamp":1730865600000,"close_timestamp":1730923200000,"orders":[{"amount":0.0387,"safe_price":2579.31,"ft_order_side":"buy","order_filled_timestamp":1730865600000,"ft_is_entry":true,"ft_order_tag":"","cost":99.91911629699997},{"amount":0.0387,"safe_price":2713.568378378378,"ft_order_side":"sell","order_filled_timestamp":1730923200000,"ft_is_entry":false,"ft_order_tag":"roi","cost":105.12011133948646}],"funding_fees":0.0,"weekday":2},{"pair":"XRP/USDT","stake_amount":99.9648,"max_stake_amount":99.9648,"amount":187.2,"open_date":"2024-11-06 04:00:00+00:00","close_date":"2024-11-07 00:00:00+00:00","open_rate":0.534,"close_rate":0.5617957957957959,"fee_open":0.001,"fee_close":0.001,"trade_duration":1200,"profit_ratio":0.049950049950049945,"profit_abs":4.99824,"exit_reason":"roi","initial_stop_loss_abs":0.4913,"initial_stop_loss_ratio":-0.08,"stop_loss_abs":0.5612,"stop_loss_ratio":-0.03,"min_rate":0.5264,"max_rate":0.5785,"is_open":false,"enter_tag":"","leverage":1.0,"is_short":false,"open_timestamp":1730865600000,"close_timestamp":1730937600000,"orders":[{"amount":187.2,"safe_price":0.534,"ft_order_side":"buy","order_filled_timestamp":1730865600000,"ft_is_entry":true,"ft_order_tag":"","cost":100.06476479999999},{"amount":187.2,"safe_price":0.5617957957957959,"ft_order_side":"sell","order_filled_timestamp":1730937600000,"ft_is_entry":false,"ft_order_tag":"roi","cost":105.27334114594595}],"funding_fees":0.0,"weekday":3},{"pair":"BNB/USDT","stake_amount":99.4536,"max_stake_amount":99.4536,"amount":0.171,"open_date":"2024-11-06 04:00:00+00:00","close_date":"2024-11-07 04:00:00+00:00","open_rate":581.6,"close_rate":604.68,"fee_open":0.001,"fee_close":0.001,"trade_duration":1440,"profit_ratio":0.03760634138900989,"profit_abs":3.74382612,"exit_reason":"roi","initial_stop_loss_abs":535.072,"initial_stop_loss_ratio":-0.08,"stop_loss_abs":535.072,"stop_loss_ratio":-0.08,"min_rate":575.0,"max_rate":611.2,"is_open":false,"enter_tag":"","leverage":1.0,"is_short":false,"open_timestamp":1730865600000,"close_timestamp":1730952000000,"orders":[{"amount":0.171,"safe_price":581.6,"ft_order_side":"buy","order_filled_timestamp":1730865600000,"ft_is_entry":true,"ft_order_tag":"","cost":99.5530536},{"amount":0.171,"safe_price":604.68,"ft_order_side":"sell","order_filled_timestamp":1730952000000,"ft_is_entry":false,"ft_order_tag":"roi","cost":103.50368027999998}],"funding_fees":0.0,"weekday":3},{"pair":"SOL/USDT","stake_amount":99.8676,"max_stake_amount":99.8676,"amount":0.54,"open_date":"2024-11-06 04:00:00+00:00","close_date":"2024-11-07 12:00:00+00:00","open_rate":184.94,"close_rate":190.864004004004,"fee_open":0.001,"fee_close":0.001,"trade_duration":1920,"profit_ratio":0.02997002997002997,"profit_abs":2.996028,"exit_reason":"roi","initial_stop_loss_abs":170.1448,"initial_stop_loss_ratio":-0.08,"stop_loss_abs":170.1448,"stop_loss_ratio":-0.08,"min_rate":180.11,"max_rate":192.78,"is_open":false,"enter_tag":"","leverage":1.0,"is_short":false,"open_timestamp":1730865600000,"close_timestamp":1730980800000,"orders":[{"amount":0.54,"safe_price":184.94,"ft_order_side":"buy","order_filled_timestamp":1730865600000,"ft_is_entry":true,"ft_order_tag":"","cost":99.9674676},{"amount":0.54,"safe_price":190.864004004004,"ft_order_side":"sell","order_filled_timestamp":1730980800000,"ft_is_entry":false,"ft_order_tag":"roi","cost":103.16962872432431}],"funding_fees":0.0,"weekday":3},{"pair":"BTC/USDT","stake_amount":99.6270302,"max_stake_amount":99.6270302,"amount":0.00134,"open_date":"2024-11-06 04:00:00+00:00","close_date":"2024-11-07 20:00:00+00:00","open_rate":74348.53,"close_rate":76730.06449449448,"fee_open":0.001,"fee_close":0.001,"trade_duration":2400,"profit_ratio":0.029970030010139606,"profit_abs":2.98881091,"exit_reason":"roi","initial_stop_loss_abs":68400.6476,"initial_stop_loss_ratio":-0.08,"stop_loss_abs":68400.6476,"stop_loss_ratio":-0.08,"min_rate":72656.31,"max_rate":76849.99,"is_open":false,"enter_tag":"","leverage":1.0,"is_short":false,"open_timestamp":1730865600000,"close_timestamp":1731009600000,"orders":[{"amount":0.00134,"safe_price":74348.53,"ft_order_side":"buy","order_filled_timestamp":1730865600000,"ft_is_entry":true,"ft_order_tag":"","cost":99.72665723019999},{"amount":0.00134,"safe_price":76730.06449449448,"ft_order_side":"sell","order_filled_timestamp":1731009600000,"ft_is_entry":false,"ft_order_tag":"roi","cost":102.92110470904522}],"funding_fees":0.0,"weekday":3},{"pair":"ETH/USDT","stake_amount":99.949415,"max_stake_amount":99.949415,"amount":0.0305,"open_date":"2024-11-21 16:00:00+00:00","close_date":"2024-11-23 08:00:00+00:00","open_rate":3277.03,"close_rate":3381.9999299299297,"fee_open":0.001,"fee_close":0.001,"trade_duration":2400,"profit_ratio":0.029970029970029972,"profit_abs":2.99848245,"exit_reason":"roi","initial_stop_loss_abs":3014.8676000000005,"initial_stop_loss_ratio":-0.08,"stop_loss_abs":3014.8676000000005,"stop_loss_ratio":-0.08,"min_rate":3257.54,"max_rate":3425.92,"is_open":false,"enter_tag":"","leverage":1.0,"is_short":false,"open_timestamp":1732204800000,"close_timestamp":1732348800000,"orders":[{"amount":0.0305,"safe_price":3277.03,"ft_order_side":"buy","order_filled_timestamp":1732204800000,"ft_is_entry":true,"ft_order_tag":"","cost":100.04936441499999},{"amount":0.0305,"safe_price":3381.9999299299297,"ft_order_side":"sell","order_filled_timestamp":1732348800000,"ft_is_entry":false,"ft_order_tag":"roi","cost":103.2541488607257}],"funding_fees":0.0,"weekday":5},{"pair":"BNB/USDT","stake_amount":99.60548,"max_stake_amount":99.60548,"amount":0.148,"open_date":"2024-11-30 08:00:00+00:00","close_date":"2024-12-02 12:00:00+00:00","open_rate":673.01,"close_rate":633.67,"fee_open":0.001,"fee_close":0.001,"trade_duration":3120,"profit_ratio":-0.060335023143896716,"profit_abs":-6.01570864,"exit_reason":"exit_signal","initial_stop_loss_abs":619.1692,"initial_stop_loss_ratio":-0.08,"stop_loss_abs":619.1692,"stop_loss_ratio":-0.08,"min_rate":630.01,"max_rate":674.6,"is_open":false,"enter_tag":"","leverage":1.0,"is_short":false,"open_timestamp":1732953600000,"close_timestamp":1733140800000,"orders":[{"amount":0.148,"safe_price":673.01,"ft_order_side":"buy","order_filled_timestamp":1732953600000,"ft_is_entry":true,"ft_order_tag":"","cost":99.70508548},{"amount":0.148,"safe_price":633.67,"ft_order_side":"sell","order_filled_timestamp":1733140800000,"ft_is_entry":false,"ft_order_tag":"exit_signal","cost":93.87694315999998}],"funding_fees":0.0,"weekday":0},{"pair":"BTC/USDT","stake_amount":99.1002558,"max_stake_amount":99.1002558,"amount":0.00098,"open_date":"2024-12-11 20:00:00+00:00","close_date":"2024-12-15 20:00:00+00:00","open_rate":101122.71,"close_rate":104361.87588588588,"fee_open":0.001,"fee_close":0.001,"trade_duration":5760,"profit_ratio":0.02997002992970713,"profit_abs":2.97300767,"exit_reason":"roi","initial_stop_loss_abs":93032.8932,"initial_stop_loss_ratio":-0.08,"stop_loss_abs":93032.8932,"stop_loss_ratio":-0.08,"min_rate":99205.0,"max_rate":105250.0,"is_open":false,"enter_tag":"","leverage":1.0,"is_short":false,"open_timestamp":1733947200000,"close_timestamp":1734292800000,"orders":[{"amount":0.00098,"safe_price":101122.71,"ft_order_side":"buy","order_filled_timestamp":1733947200000,"ft_is_entry":true,"ft_order_tag":"","cost":99.19935605579998},{"amount":0.00098,"safe_price":104361.87588588588,"ft_order_side":"sell","order_filled_timestamp":1734292800000,"ft_is_entry":false,"ft_order_tag":"roi","cost":102.37691300653631}],"funding_fees":0.0,"weekday":6}],"locks":[],"best_pair":{"key":"XRP/USDT","trades":7,"profit_mean":0.010629251790601679,"profit_mean_pct":1.06,"profit_total_abs":7.44564458,"profit_total":0.00372282229,"profit_total_pct":0.37,"duration_avg":"1 day, 6:17:00","wins":4,"draws":0,"losses":3,"winrate":0.5714285714285714,"cagr":0.006387955264262946,"expectancy":1.0636635114285715,"expectancy_ratio":0.3732270174893897,"sortino":2.338172532804604,"sharpe":0.19204998093750153,"calmar":12.625883939501747,"sqn":0.7492,"profit_factor":1.870863040808576,"max_drawdown_account":0.002644705640522307,"max_drawdown_abs":5.309927140000001},"worst_pair":{"key":"BNB/USDT","trades":8,"profit_mean":-0.0031109864929424647,"profit_mean_pct":-0.31,"profit_total_abs":-2.4823891199999997,"profit_total":-0.0012411945599999999,"profit_total_pct":-0.12,"duration_avg":"1 day, 4:30:00","wins":3,"draws":0,"losses":5,"winrate":0.375,"cagr":-0.002125987585312794,"expectancy":-0.31029864000000007,"expectancy_ratio":-0.1270771591910307,"sortino":-0.1234317641786693,"sharpe":-0.07166401478043928,"calmar":-3.707801431096767,"sqn":-0.2642,"profit_factor":0.7966765452943508,"max_drawdown_account":0.003002549836027388,"max_drawdown_abs":6.01570864},"results_per_pair":[{"key":"XRP/USDT","trades":7,"profit_mean":0.010629251790601679,"profit_mean_pct":1.06,"profit_total_abs":7.44564458,"profit_total":0.00372282229,"profit_total_pct":0.37,"duration_avg":"1 day, 6:17:00","wins":4,"draws":0,"losses":3,"winrate":0.5714285714285714,"cagr":0.006387955264262946,"expectancy":1.0636635114285715,"expectancy_ratio":0.3732270174893897,"sortino":2.338172532804604,"sharpe":0.19204998093750153,"calmar":12.625883939501747,"sqn":0.7492,"profit_factor":1.870863040808576,"max_drawdown_account":0.002644705640522307,"max_drawdown_abs":5.309927140000001},{"key":"ETH/USDT","trades":12,"profit_mean":0.005282630871801333,"profit_mean_pct":0.53,"profit_total_abs":6.34052968,"profit_total":0.00317026484,"profit_total_pct":0.32,"duration_avg":"1 day, 7:20:00","wins":6,"draws":0,"losses":6,"winrate":0.5,"cagr":0.005438756833099134,"expectancy":0.5283774733333335,"expectancy_ratio":0.18340355261961028,"sortino":0.45206065968463416,"sharpe":0.15855795762776426,"calmar":4.79040343594748,"sqn":0.4886,"profit_factor":1.366807105239221,"max_drawdown_account":0.005935950665193536,"max_drawdown_abs":11.87596343},{"key":"SOL/USDT","trades":7,"profit_mean":0.005231106449991178,"profit_mean_pct":0.52,"profit_total_abs":3.666421039999999,"profit_total":0.0018332105199999995,"profit_total_pct":0.18,"duration_avg":"1 day, 4:34:00","wins":4,"draws":0,"losses":3,"winrate":0.5714285714285714,"cagr":0.0031434715401144064,"expectancy":0.523774434285714,"expectancy_ratio":0.1317059189179679,"sortino":0.5856141527917463,"sharpe":0.08272510116080842,"calmar":3.966734944709908,"sqn":0.3227,"profit_factor":1.3073138108085918,"max_drawdown_account":0.004145204753403933,"max_drawdown_abs":8.32770848},{"key":"BTC/USDT","trades":12,"profit_mean":0.0014021891811758407,"profit_mean_pct":0.14,"profit_total_abs":1.6797655599999999,"profit_total":0.0008398827799999999,"profit_total_pct":0.08,"duration_avg":"1 day, 15:00:00","wins":6,"draws":0,"losses":6,"winrate":0.5,"cagr":0.0014396670203045137,"expectancy":0.13998046333333303,"expectancy_ratio":0.054277531446575544,"sortino":0.1753641988015986,"sharpe":0.05393270068201976,"calmar":1.7650307335817752,"sqn":0.1662,"profit_factor":1.1085550628931509,"max_drawdown_account":0.004268086710000034,"max_drawdown_abs":8.53617342},{"key":"BNB/USDT","trades":8,"profit_mean":-0.0031109864929424647,"profit_mean_pct":-0.31,"profit_total_abs":-2.4823891199999997,"profit_total":-0.0012411945599999999,"profit_total_pct":-0.12,"duration_avg":"1 day, 4:30:00","wins":3,"draws":0,"losses":5,"winrate":0.375,"cagr":-0.002125987585312794,"expectancy":-0.31029864000000007,"expectancy_ratio":-0.1270771591910307,"sortino":-0.1234317641786693,"sharpe":-0.07166401478043928,"calmar":-3.707801431096767,"sqn":-0.2642,"profit_factor":0.7966765452943508,"max_drawdown_account":0.003002549836027388,"max_drawdown_abs":6.01570864},{"key":"TOTAL","trades":46,"profit_mean":0.0036163577473116593,"profit_mean_pct":0.36,"profit_total_abs":16.64997174,"profit_total":0.008324985870000001,"profit_total_pct":0.83,"duration_avg":"1 day, 8:16:00","wins":23,"draws":0,"losses":23,"winrate":0.5,"cagr":0.014308162714211425,"expectancy":0.3619559073913041,"expectancy_ratio":0.12719819717559222,"sortino":1.185906904382305,"sharpe":0.44051188364529087,"calmar":9.285188533701223,"sqn":0.7162,"profit_factor":1.2543963943511842,"max_drawdown_account":0.008041917387956201,"max_drawdown_abs":16.18345333}],"results_per_enter_tag":[{"key":"","trades":46,"profit_mean":0.0036163577473116593,"profit_mean_pct":0.36,"profit_total_abs":16.64997174,"profit_total":0.008324985870000001,"profit_total_pct":0.83,"duration_avg":"1 day, 8:16:00","wins":23,"draws":0,"losses":23,"winrate":0.5,"cagr":0.014308162714211425,"expectancy":0.3619559073913041,"expectancy_ratio":0.12719819717559222,"sortino":1.185906904382305,"sharpe":0.44051188364529087,"calmar":9.285188533701223,"sqn":0.7162,"profit_factor":1.2543963943511842,"max_drawdown_account":0.008041917387956201,"max_drawdown_abs":16.18345333},{"key":"TOTAL","trades":46,"profit_mean":0.0036163577473116593,"profit_mean_pct":0.36,"profit_total_abs":16.64997174,"profit_total":0.008324985870000001,"profit_total_pct":0.83,"duration_avg":"1 day, 8:16:00","wins":23,"draws":0,"losses":23,"winrate":0.5,"cagr":0.014308162714211425,"expectancy":0.3619559073913041,"expectancy_ratio":0.12719819717559222,"sortino":1.185906904382305,"sharpe":0.44051188364529087,"calmar":9.285188533701223,"sqn":0.7162,"profit_factor":1.2543963943511842,"max_drawdown_account":0.008041917387956201,"max_drawdown_abs":16.18345333}],"exit_reason_summary":[{"key":"roi","trades":22,"profit_mean":0.03634005758697992,"profit_mean_pct":3.63,"profit_total_abs":79.89060030999998,"profit_total":0.03994530015499999,"profit_total_pct":3.99,"duration_avg":"1 day, 11:49:00","wins":22,"draws":0,"losses":0,"winrate":1.0,"cagr":0.06942280849628424,"expectancy":3.6313909231818173,"expectancy_ratio":100.0,"sortino":-100,"sharpe":8.148753495637154,"calmar":-100,"sqn":18.9239,"profit_factor":0.0,"max_drawdown_account":0.0,"max_drawdown_abs":0.0},{"key":"trailing_stop_loss","trades":1,"profit_mean":0.022096506148908932,"profit_mean_pct":2.21,"profit_total_abs":2.20830117,"profit_total":0.001104150585,"profit_total_pct":0.11,"duration_avg":"4:00:00","wins":1,"draws":0,"losses":0,"winrate":1.0,"cagr":0.0018928343769357703,"expectancy":2.20830117,"expectancy_ratio":100.0,"sortino":-100,"sharpe":-100,"calmar":-100,"sqn":-100.0,"profit_factor":0.0,"max_drawdown_account":0.0,"max_drawdown_abs":0.0},{"key":"exit_signal","trades":23,"profit_mean":-0.028488057247223076,"profit_mean_pct":-2.85,"profit_total_abs":-65.44892974,"profit_total":-0.03272446487,"profit_total_pct":-3.27,"duration_avg":"1 day, 6:05:00","wins":0,"draws":0,"losses":23,"winrate":0.0,"cagr":-0.05542029190472286,"expectancy":-2.845605640869565,"expectancy_ratio":-1.0,"sortino":-4.66164981389322,"sharpe":-4.66164981389322,"calmar":-8.96947097396375,"sqn":-10.5988,"profit_factor":0.0,"max_drawdown_account":0.03272446487000002,"max_drawdown_abs":65.44892974},{"key":"TOTAL","trades":46,"profit_mean":0.0036163577473116593,"profit_mean_pct":0.36,"profit_total_abs":16.64997174,"profit_total":0.008324985870000001,"profit_total_pct":0.83,"duration_avg":"1 day, 8:16:00","wins":23,"draws":0,"losses":23,"winrate":0.5,"cagr":0.014308162714211425,"expectancy":0.3619559073913041,"expectancy_ratio":0.12719819717559222,"sortino":1.185906904382305,"sharpe":0.44051188364529087,"calmar":9.285188533701223,"sqn":0.7162,"profit_factor":1.2543963943511842,"max_drawdown_account":0.008041917387956201,"max_drawdown_abs":16.18345333}],"mix_tag_stats":[{"key":["","roi"],"trades":22,"profit_mean":0.03634005758697992,"profit_mean_pct":3.63,"profit_total_abs":79.89060030999998,"profit_total":0.03994530015499999,"profit_total_pct":3.99,"duration_avg":"1 day, 11:49:00","wins":22,"draws":0,"losses":0,"winrate":1.0,"cagr":0.06942280849628424,"expectancy":3.6313909231818173,"expectancy_ratio":100.0,"sortino":-100,"sharpe":8.148753495637154,"calmar":-100,"sqn":18.9239,"profit_factor":0.0,"max_drawdown_account":0.0,"max_drawdown_abs":0.0},{"key":["","trailing_stop_loss"],"trades":1,"profit_mean":0.022096506148908932,"profit_mean_pct":2.21,"profit_total_abs":2.20830117,"profit_total":0.001104150585,"profit_total_pct":0.11,"duration_avg":"4:00:00","wins":1,"draws":0,"losses":0,"winrate":1.0,"cagr":0.0018928343769357703,"expectancy":2.20830117,"expectancy_ratio":100.0,"sortino":-100,"sharpe":-100,"calmar":-100,"sqn":-100.0,"profit_factor":0.0,"max_drawdown_account":0.0,"max_drawdown_abs":0.0},{"key":["","exit_signal"],"trades":23,"profit_mean":-0.028488057247223076,"profit_mean_pct":-2.85,"profit_total_abs":-65.44892974,"profit_total":-0.03272446487,"profit_total_pct":-3.27,"duration_avg":"1 day, 6:05:00","wins":0,"draws":0,"losses":23,"winrate":0.0,"cagr":-0.05542029190472286,"expectancy":-2.845605640869565,"expectancy_ratio":-1.0,"sortino":-4.66164981389322,"sharpe":-4.66164981389322,"calmar":-8.96947097396375,"sqn":-10.5988,"profit_factor":0.0,"max_drawdown_account":0.03272446487000002,"max_drawdown_abs":65.44892974},{"key":"TOTAL","trades":46,"profit_mean":0.0036163577473116593,"profit_mean_pct":0.36,"profit_total_abs":16.64997174,"profit_total":0.008324985870000001,"profit_total_pct":0.83,"duration_avg":"1 day, 8:16:00","wins":23,"draws":0,"losses":23,"winrate":0.5,"cagr":0.014308162714211425,"expectancy":0.3619559073913041,"expectancy_ratio":0.12719819717559222,"sortino":1.185906904382305,"sharpe":0.44051188364529087,"calmar":9.285188533701223,"sqn":0.7162,"profit_factor":1.2543963943511842,"max_drawdown_account":0.008041917387956201,"max_drawdown_abs":16.18345333}],"left_open_trades":[{"key":"TOTAL","trades":0,"profit_mean":0.0,"profit_mean_pct":0.0,"profit_total_abs":0.0,"profit_total":0.0,"profit_total_pct":0.0,"duration_avg":"0:00","wins":0,"draws":0,"losses":0,"winrate":0.0,"cagr":0.0,"expectancy":0.0,"expectancy_ratio":100.0,"sortino":0,"sharpe":0,"calmar":0,"sqn":0.0,"profit_factor":0.0,"max_drawdown_account":0.0,"max_drawdown_abs":0.0}],"total_trades":46,"trade_count_long":46,"trade_count_short":0,"total_volume":9216.599343465983,"avg_stake_amount":99.7992889978261,"profit_mean":0.0036163577473116593,"profit_median":0.005566461533770895,"profit_total":0.008324985870000001,"profit_total_long":0.008324985870000001,"profit_total_short":0.0,"profit_total_abs":16.64997174,"profit_total_long_abs":16.64997174,"profit_total_short_abs":0.0,"cagr":0.014308162714211425,"expectancy":0.3619559073913041,"expectancy_ratio":0.12719819717559222,"sortino":1.185906904382305,"sharpe":0.44051188364529087,"calmar":9.285188533701223,"sqn":0.7162,"profit_factor":1.2543963943511842,"backtest_start":"2024-06-01 00:00:00","backtest_start_ts":1717200000000,"backtest_end":"2024-12-31 00:00:00","backtest_end_ts":1735603200000,"backtest_days":213,"backtest_run_start_ts":1767374158,"backtest_run_end_ts":1767374160,"trades_per_day":0.22,"market_change":0.693406280471054,"pairlist":["BTC/USDT","BNB/USDT","ETH/USDT","SOL/USDT","XRP/USDT"],"stake_amount":100,"stake_currency":"USDT","stake_currency_decimals":3,"starting_balance":2000,"dry_run_wallet":2000,"final_balance":2016.64997174,"rejected_signals":0,"timedout_entry_orders":0,"timedout_exit_orders":0,"canceled_trade_entries":0,"canceled_entry_orders":0,"replaced_entry_orders":0,"max_open_trades":5,"max_open_trades_setting":5,"timeframe":"4h","timeframe_detail":"","timerange":"20240601-20241231","enable_protections":false,"strategy_name":"EPAAlphaTrend","freqaimodel":null,"freqai_identifier":null,"stoploss":-0.08,"trailing_stop":true,"trailing_stop_positive":0.03,"trailing_stop_positive_offset":0.05,"trailing_only_offset_is_reached":true,"use_custom_stoploss":false,"minimal_roi":{"0":0.1,"360":0.07,"720":0.05,"1440":0.03},"use_exit_signal":true,"exit_profit_only":false,"exit_profit_offset":0.0,"ignore_roi_if_entry_signal":false,"trading_mode":"spot","margin_mode":"","periodic_breakdown":{"day":[{"date":"04/06/2024","date_ts":1717459200000,"profit_abs":2.986497,"wins":1,"draws":0,"losses":0,"trades":1,"profit_factor":0.0},{"date":"05/06/2024","date_ts":1717545600000,"profit_abs":0.0,"wins":0,"draws":0,"losses":0,"trades":0,"profit_factor":0.0},{"date":"06/06/2024","date_ts":1717632000000,"profit_abs":0.0,"wins":0,"draws":0,"losses":0,"trades":0,"profit_factor":0.0},{"date":"07/06/2024","date_ts":1717718400000,"profit_abs":0.0,"wins":0,"draws":0,"losses":0,"trades":0,"profit_factor":0.0},{"date":"08/06/2024","date_ts":1717804800000,"profit_abs":0.0,"wins":0,"draws":0,"losses":0,"trades":0,"profit_factor":0.0},{"date":"09/06/2024","date_ts":1717891200000,"profit_abs":0.0,"wins":0,"draws":0,"losses":0,"trades":0,"profit_factor":0.0},{"date":"10/06/2024","date_ts":1717977600000,"profit_abs":0.0,"wins":0,"draws":0,"losses":0,"trades":0,"profit_factor":0.0},{"date":"11/06/2024","date_ts":1718064000000,"profit_abs":0.0,"wins":0,"draws":0,"losses":0,"trades":0,"profit_factor":0.0},{"date":"12/06/2024","date_ts":1718150400000,"profit_abs":-3.3438361,"wins":0,"draws":0,"losses":1,"trades":1,"profit_factor":0.0},{"date":"13/06/2024","date_ts":1718236800000,"profit_abs":0.0,"wins":0,"draws":0,"losses":0,"trades":0,"profit_factor":0.0},{"date":"14/06/2024","date_ts":1718323200000,"profit_abs":0.0,"wins":0,"draws":0,"losses":0,"trades":0,"profit_factor":0.0},{"date":"15/06/2024","date_ts":1718409600000,"profit_abs":0.0,"wins":0,"draws":0,"losses":0,"trades":0,"profit_factor":0.0},{"date":"16/06/2024","date_ts":1718496000000,"profit_abs":0.0,"wins":0,"draws":0,"losses":0,"trades":0,"profit_factor":0.0},{"date":"17/06/2024","date_ts":1718582400000,"profit_abs":0.0,"wins":0,"draws":0,"losses":0,"trades":0,"profit_factor":0.0},{"date":"18/06/2024","date_ts":1718668800000,"profit_abs":0.0,"wins":0,"draws":0,"losses":0,"trades":0,"profit_factor":0.0},{"date":"19/06/2024","date_ts":1718755200000,"profit_abs":0.0,"wins":0,"draws":0,"losses":0,"trades":0,"profit_factor":0.0},{"date":"20/06/2024","date_ts":1718841600000,"profit_abs":0.0,"wins":0,"draws":0,"losses":0,"trades":0,"profit_factor":0.0},{"date":"21/06/2024","date_ts":1718928000000,"profit_abs":0.0,"wins":0,"draws":0,"losses":0,"trades":0,"profit_factor":0.0},{"date":"22/06/2024","date_ts":1719014400000,"profit_abs":0.0,"wins":0,"draws":0,"losses":0,"trades":0,"profit_factor":0.0},{"date":"23/06/2024","date_ts":1719100800000,"profit_abs":0.0,"wins":0,"draws":0,"losses":0,"trades":0,"profit_factor":0.0},{"date":"24/06/2024","date_ts":1719187200000,"profit_abs":0.0,"wins":0,"draws":0,"losses":0,"trades":0,"profit_factor":0.0},{"date":"25/06/2024","date_ts":1719273600000,"profit_abs":0.0,"wins":0,"draws":0,"losses":0,"trades":0,"profit_factor":0.0},{"date":"26/06/2024","date_ts":1719360000000,"profit_abs":0.0,"wins":0,"draws":0,"losses":0,"trades":0,"profit_factor":0.0},{"date":"27/06/2024","date_ts":1719446400000,"profit_abs":2.9982432,"wins":1,"draws":0,"losses":0,"trades":1,"profit_factor":0.0},{"date":"28/06/2024","date_ts":1719532800000,"profit_abs":-2.30744796,"wins":0,"draws":0,"losses":1,"trades":1,"profit_factor":0.0},{"date":"29/06/2024","date_ts":1719619200000,"profit_abs":0.0,"wins":0,"draws":0,"losses":0,"trades":0,"profit_factor":0.0},{"date":"30/06/2024","date_ts":1719705600000,"profit_abs":0.0,"wins":0,"draws":0,"losses":0,"trades":0,"profit_factor":0.0},{"date":"01/07/2024","date_ts":1719792000000,"profit_abs":-1.557676,"wins":0,"draws":0,"losses":1,"trades":1,"profit_factor":0.0},{"date":"02/07/2024","date_ts":1719878400000,"profit_abs":-1.50835364,"wins":0,"draws":0,"losses":1,"trades":1,"profit_factor":0.0},{"date":"03/07/2024","date_ts":1719964800000,"profit_abs":-3.23980368,"wins":0,"draws":0,"losses":1,"trades":1,"profit_factor":0.0},{"date":"04/07/2024","date_ts":1720051200000,"profit_abs":0.0,"wins":0,"draws":0,"losses":0,"trades":0,"profit_factor":0.0},{"date":"05/07/2024","date_ts":1720137600000,"profit_abs":0.0,"wins":0,"draws":0,"losses":0,"trades":0,"profit_factor":0.0},{"date":"06/07/2024","date_ts":1720224000000,"profit_abs":0.0,"wins":0,"draws":0,"losses":0,"trades":0,"profit_factor":0.0},{"date":"07/07/2024","date_ts":1720310400000,"profit_abs":0.0,"wins":0,"draws":0,"losses":0,"trades":0,"profit_factor":0.0},{"date":"08/07/2024","date_ts":1720396800000,"profit_abs":0.0,"wins":0,"draws":0,"losses":0,"trades":0,"profit_factor":0.0},{"date":"09/07/2024","date_ts":1720483200000,"profit_abs":0.0,"wins":0,"draws":0,"losses":0,"trades":0,"profit_factor":0.0},{"date":"10/07/2024","date_ts":1720569600000,"profit_abs":0.0,"wins":0,"draws":0,"losses":0,"trades":0,"profit_factor":0.0},{"date":"11/07/2024","date_ts":1720656000000,"profit_abs":2.99176962,"wins":1,"draws":0,"losses":0,"trades":1,"profit_factor":0.0},{"date":"12/07/2024","date_ts":1720742400000,"profit_abs":-3.68398368,"wins":0,"draws":0,"losses":1,"trades":1,"profit_factor":0.0},{"date":"13/07/2024","date_ts":1720828800000,"profit_abs":0.0,"wins":0,"draws":0,"losses":0,"trades":0,"profit_factor":0.0},{"date":"14/07/2024","date_ts":1720915200000,"profit_abs":0.0,"wins":0,"draws":0,"losses":0,"trades":0,"profit_factor":0.0},{"date":"15/07/2024","date_ts":1721001600000,"profit_abs":0.0,"wins":0,"draws":0,"losses":0,"trades":0,"profit_factor":0.0},{"date":"16/07/2024","date_ts":1721088000000,"profit_abs":0.0,"wins":0,"draws":0,"losses":0,"trades":0,"profit_factor":0.0},{"date":"17/07/2024","date_ts":1721174400000,"profit_abs":0.0,"wins":0,"draws":0,"losses":0,"trades":0,"profit_factor":0.0},{"date":"18/07/2024","date_ts":1721260800000,"profit_abs":0.0,"wins":0,"draws":0,"losses":0,"trades":0,"profit_factor":0.0},{"date":"19/07/2024","date_ts":1721347200000,"profit_abs":0.0,"wins":0,"draws":0,"losses":0,"trades":0,"profit_factor":0.0},{"date":"20/07/2024","date_ts":1721433600000,"profit_abs":0.0,"wins":0,"draws":0,"losses":0,"trades":0,"profit_factor":0.0},{"date":"21/07/2024","date_ts":1721520000000,"profit_abs":0.0,"wins":0,"draws":0,"losses":0,"trades":0,"profit_factor":0.0},{"date":"22/07/2024","date_ts":1721606400000,"profit_abs":0.0,"wins":0,"draws":0,"losses":0,"trades":0,"profit_factor":0.0},{"date":"23/07/2024","date_ts":1721692800000,"profit_abs":0.0,"wins":0,"draws":0,"losses":0,"trades":0,"profit_factor":0.0},{"date":"24/07/2024","date_ts":1721779200000,"profit_abs":2.9997696,"wins":1,"draws":0,"losses":0,"trades":1,"profit_factor":0.0},{"date":"25/07/2024","date_ts":1721865600000,"profit_abs":0.0,"wins":0,"draws":0,"losses":0,"trades":0,"profit_factor":0.0},{"date":"26/07/2024","date_ts":1721952000000,"profit_abs":0.0,"wins":0,"draws":0,"losses":0,"trades":0,"profit_factor":0.0},{"date":"27/07/2024","date_ts":1722038400000,"profit_abs":2.9967774,"wins":1,"draws":0,"losses":0,"trades":1,"profit_factor":0.0},{"date":"28/07/2024","date_ts":1722124800000,"profit_abs":0.0,"wins":0,"draws":0,"losses":0,"trades":0,"profit_factor":0.0},{"date":"29/07/2024","date_ts":1722211200000,"profit_abs":-3.17656727,"wins":0,"draws":0,"losses":2,"trades":2,"profit_factor":0.0},{"date":"30/07/2024","date_ts":1722297600000,"profit_abs":0.0,"wins":0,"draws":0,"losses":0,"trades":0,"profit_factor":0.0},{"date":"31/07/2024","date_ts":1722384000000,"profit_abs":0.0,"wins":0,"draws":0,"losses":0,"trades":0,"profit_factor":0.0},{"date":"01/08/2024","date_ts":1722470400000,"profit_abs":0.0,"wins":0,"draws":0,"losses":0,"trades":0,"profit_factor":0.0},{"date":"02/08/2024","date_ts":1722556800000,"profit_abs":0.0,"wins":0,"draws":0,"losses":0,"trades":0,"profit_factor":0.0},{"date":"03/08/2024","date_ts":1722643200000,"profit_abs":0.0,"wins":0,"draws":0,"losses":0,"trades":0,"profit_factor":0.0},{"date":"04/08/2024","date_ts":1722729600000,"profit_abs":0.0,"wins":0,"draws":0,"losses":0,"trades":0,"profit_factor":0.0},{"date":"05/08/2024","date_ts":1722816000000,"profit_abs":0.0,"wins":0,"draws":0,"losses":0,"trades":0,"profit_factor":0.0},{"date":"06/08/2024","date_ts":1722902400000,"profit_abs":0.0,"wins":0,"draws":0,"losses":0,"trades":0,"profit_factor":0.0},{"date":"07/08/2024","date_ts":1722988800000,"profit_abs":0.0,"wins":0,"draws":0,"losses":0,"trades":0,"profit_factor":0.0},{"date":"08/08/2024","date_ts":1723075200000,"profit_abs":7.20579867,"wins":2,"draws":0,"losses":0,"trades":2,"profit_factor":0.0},{"date":"09/08/2024","date_ts":1723161600000,"profit_abs":0.0,"wins":0,"draws":0,"losses":0,"trades":0,"profit_factor":0.0},{"date":"10/08/2024","date_ts":1723248000000,"profit_abs":0.0,"wins":0,"draws":0,"losses":0,"trades":0,"profit_factor":0.0},{"date":"11/08/2024","date_ts":1723334400000,"profit_abs":0.0,"wins":0,"draws":0,"losses":0,"trades":0,"profit_factor":0.0},{"date":"12/08/2024","date_ts":1723420800000,"profit_abs":-5.45699932,"wins":0,"draws":0,"losses":1,"trades":1,"profit_factor":0.0},{"date":"13/08/2024","date_ts":1723507200000,"profit_abs":0.0,"wins":0,"draws":0,"losses":0,"trades":0,"profit_factor":0.0},{"date":"14/08/2024","date_ts":1723593600000,"profit_abs":0.0,"wins":0,"draws":0,"losses":0,"trades":0,"profit_factor":0.0},{"date":"15/08/2024","date_ts":1723680000000,"profit_abs":0.0,"wins":0,"draws":0,"losses":0,"trades":0,"profit_factor":0.0},{"date":"16/08/2024","date_ts":1723766400000,"profit_abs":0.0,"wins":0,"draws":0,"losses":0,"trades":0,"profit_factor":0.0},{"date":"17/08/2024","date_ts":1723852800000,"profit_abs":0.0,"wins":0,"draws":0,"losses":0,"trades":0,"profit_factor":0.0},{"date":"18/08/2024","date_ts":1723939200000,"profit_abs":0.0,"wins":0,"draws":0,"losses":0,"trades":0,"profit_factor":0.0},{"date":"19/08/2024","date_ts":1724025600000,"profit_abs":0.0,"wins":0,"draws":0,"losses":0,"trades":0,"profit_factor":0.0},{"date":"20/08/2024","date_ts":1724112000000,"profit_abs":-3.13749174,"wins":0,"draws":0,"losses":1,"trades":1,"profit_factor":0.0},{"date":"21/08/2024","date_ts":1724198400000,"profit_abs":0.0,"wins":0,"draws":0,"losses":0,"trades":0,"profit_factor":0.0},{"date":"22/08/2024","date_ts":1724284800000,"profit_abs":0.0,"wins":0,"draws":0,"losses":0,"trades":0,"profit_factor":0.0},{"date":"23/08/2024","date_ts":1724371200000,"profit_abs":0.0,"wins":0,"draws":0,"losses":0,"trades":0,"profit_factor":0.0},{"date":"24/08/2024","date_ts":1724457600000,"profit_abs":4.99998,"wins":1,"draws":0,"losses":0,"trades":1,"profit_factor":0.0},{"date":"25/08/2024","date_ts":1724544000000,"profit_abs":0.0,"wins":0,"draws":0,"losses":0,"trades":0,"profit_factor":0.0},{"date":"26/08/2024","date_ts":1724630400000,"profit_abs":-2.589401,"wins":0,"draws":0,"losses":1,"trades":1,"profit_factor":0.0},{"date":"27/08/2024","date_ts":1724716800000,"profit_abs":0.0,"wins":0,"draws":0,"losses":0,"trades":0,"profit_factor":0.0},{"date":"28/08/2024","date_ts":1724803200000,"profit_abs":0.0,"wins":0,"draws":0,"losses":0,"trades":0,"profit_factor":0.0},{"date":"29/08/2024","date_ts":1724889600000,"profit_abs":0.0,"wins":0,"draws":0,"losses":0,"trades":0,"profit_factor":0.0},{"date":"30/08/2024","date_ts":1724976000000,"profit_abs":0.0,"wins":0,"draws":0,"losses":0,"trades":0,"profit_factor":0.0},{"date":"31/08/2024","date_ts":1725062400000,"profit_abs":0.0,"wins":0,"draws":0,"losses":0,"trades":0,"profit_factor":0.0},{"date":"01/09/2024","date_ts":1725148800000,"profit_abs":0.0,"wins":0,"draws":0,"losses":0,"trades":0,"profit_factor":0.0},{"date":"02/09/2024","date_ts":1725235200000,"profit_abs":0.0,"wins":0,"draws":0,"losses":0,"trades":0,"profit_factor":0.0},{"date":"03/09/2024","date_ts":1725321600000,"profit_abs":0.0,"wins":0,"draws":0,"losses":0,"trades":0,"profit_factor":0.0},{"date":"04/09/2024","date_ts":1725408000000,"profit_abs":0.0,"wins":0,"draws":0,"losses":0,"trades":0,"profit_factor":0.0},{"date":"05/09/2024","date_ts":1725494400000,"profit_abs":0.0,"wins":0,"draws":0,"losses":0,"trades":0,"profit_factor":0.0},{"date":"06/09/2024","date_ts":1725580800000,"profit_abs":0.0,"wins":0,"draws":0,"losses":0,"trades":0,"profit_factor":0.0},{"date":"07/09/2024","date_ts":1725667200000,"profit_abs":0.0,"wins":0,"draws":0,"losses":0,"trades":0,"profit_factor":0.0},{"date":"08/09/2024","date_ts":1725753600000,"profit_abs":0.0,"wins":0,"draws":0,"losses":0,"trades":0,"profit_factor":0.0},{"date":"09/09/2024","date_ts":1725840000000,"profit_abs":0.0,"wins":0,"draws":0,"losses":0,"trades":0,"profit_factor":0.0},{"date":"10/09/2024","date_ts":1725926400000,"profit_abs":0.0,"wins":0,"draws":0,"losses":0,"trades":0,"profit_factor":0.0},{"date":"11/09/2024","date_ts":1726012800000,"profit_abs":-6.03246528,"wins":0,"draws":0,"losses":2,"trades":2,"profit_factor":0.0},{"date":"12/09/2024","date_ts":1726099200000,"profit_abs":2.996352,"wins":1,"draws":0,"losses":0,"trades":1,"profit_factor":0.0},{"date":"13/09/2024","date_ts":1726185600000,"profit_abs":2.99720032,"wins":1,"draws":0,"losses":0,"trades":1,"profit_factor":0.0},{"date":"14/09/2024","date_ts":1726272000000,"profit_abs":2.9998683,"wins":1,"draws":0,"losses":0,"trades":1,"profit_factor":0.0},{"date":"15/09/2024","date_ts":1726358400000,"profit_abs":0.0,"wins":0,"draws":0,"losses":0,"trades":0,"profit_factor":0.0},{"date":"16/09/2024","date_ts":1726444800000,"profit_abs":0.0,"wins":0,"draws":0,"losses":0,"trades":0,"profit_factor":0.0},{"date":"17/09/2024","date_ts":1726531200000,"profit_abs":0.0,"wins":0,"draws":0,"losses":0,"trades":0,"profit_factor":0.0},{"date":"18/09/2024","date_ts":1726617600000,"profit_abs":0.0,"wins":0,"draws":0,"losses":0,"trades":0,"profit_factor":0.0},{"date":"19/09/2024","date_ts":1726704000000,"profit_abs":2.98952546,"wins":1,"draws":0,"losses":0,"trades":1,"profit_factor":0.0},{"date":"20/09/2024","date_ts":1726790400000,"profit_abs":9.25965736,"wins":2,"draws":0,"losses":0,"trades":2,"profit_factor":0.0},{"date":"21/09/2024","date_ts":1726876800000,"profit_abs":0.0,"wins":0,"draws":0,"losses":0,"trades":0,"profit_factor":0.0},{"date":"22/09/2024","date_ts":1726963200000,"profit_abs":0.0,"wins":0,"draws":0,"losses":0,"trades":0,"profit_factor":0.0},{"date":"23/09/2024","date_ts":1727049600000,"profit_abs":0.0,"wins":0,"draws":0,"losses":0,"trades":0,"profit_factor":0.0},{"date":"24/09/2024","date_ts":1727136000000,"profit_abs":-2.74638434,"wins":0,"draws":0,"losses":1,"trades":1,"profit_factor":0.0},{"date":"25/09/2024","date_ts":1727222400000,"profit_abs":0.0,"wins":0,"draws":0,"losses":0,"trades":0,"profit_factor":0.0},{"date":"26/09/2024","date_ts":1727308800000,"profit_abs":0.0,"wins":0,"draws":0,"losses":0,"trades":0,"profit_factor":0.0},{"date":"27/09/2024","date_ts":1727395200000,"profit_abs":0.0,"wins":0,"draws":0,"losses":0,"trades":0,"profit_factor":0.0},{"date":"28/09/2024","date_ts":1727481600000,"profit_abs":0.0,"wins":0,"draws":0,"losses":0,"trades":0,"profit_factor":0.0},{"date":"29/09/2024","date_ts":1727568000000,"profit_abs":0.0,"wins":0,"draws":0,"losses":0,"trades":0,"profit_factor":0.0},{"date":"30/09/2024","date_ts":1727654400000,"profit_abs":0.0,"wins":0,"draws":0,"losses":0,"trades":0,"profit_factor":0.0},{"date":"01/10/2024","date_ts":1727740800000,"profit_abs":0.0,"wins":0,"draws":0,"losses":0,"trades":0,"profit_factor":0.0},{"date":"02/10/2024","date_ts":1727827200000,"profit_abs":0.0,"wins":0,"draws":0,"losses":0,"trades":0,"profit_factor":0.0},{"date":"03/10/2024","date_ts":1727913600000,"profit_abs":0.0,"wins":0,"draws":0,"losses":0,"trades":0,"profit_factor":0.0},{"date":"04/10/2024","date_ts":1728000000000,"profit_abs":0.0,"wins":0,"draws":0,"losses":0,"trades":0,"profit_factor":0.0},{"date":"05/10/2024","date_ts":1728086400000,"profit_abs":0.0,"wins":0,"draws":0,"losses":0,"trades":0,"profit_factor":0.0},{"date":"06/10/2024","date_ts":1728172800000,"profit_abs":0.0,"wins":0,"draws":0,"losses":0,"trades":0,"profit_factor":0.0},{"date":"07/10/2024","date_ts":1728259200000,"profit_abs":0.0,"wins":0,"draws":0,"losses":0,"trades":0,"profit_factor":0.0},{"date":"08/10/2024","date_ts":1728345600000,"profit_abs":-11.88551638,"wins":0,"draws":0,"losses":4,"trades":4,"profit_factor":0.0},{"date":"09/10/2024","date_ts":1728432000000,"profit_abs":0.0,"wins":0,"draws":0,"losses":0,"trades":0,"profit_factor":0.0},{"date":"10/10/2024","date_ts":1728518400000,"profit_abs":0.0,"wins":0,"draws":0,"losses":0,"trades":0,"profit_factor":0.0},{"date":"11/10/2024","date_ts":1728604800000,"profit_abs":0.0,"wins":0,"draws":0,"losses":0,"trades":0,"profit_factor":0.0},{"date":"12/10/2024","date_ts":1728691200000,"profit_abs":0.0,"wins":0,"draws":0,"losses":0,"trades":0,"profit_factor":0.0},{"date":"13/10/2024","date_ts":1728777600000,"profit_abs":-1.55155261,"wins":0,"draws":0,"losses":1,"trades":1,"profit_factor":0.0},{"date":"14/10/2024","date_ts":1728864000000,"profit_abs":4.9917978,"wins":1,"draws":0,"losses":0,"trades":1,"profit_factor":0.0},{"date":"15/10/2024","date_ts":1728950400000,"profit_abs":-2.5635428,"wins":0,"draws":0,"losses":1,"trades":1,"profit_factor":0.0},{"date":"16/10/2024","date_ts":1729036800000,"profit_abs":0.0,"wins":0,"draws":0,"losses":0,"trades":0,"profit_factor":0.0},{"date":"17/10/2024","date_ts":1729123200000,"profit_abs":0.0,"wins":0,"draws":0,"losses":0,"trades":0,"profit_factor":0.0},{"date":"18/10/2024","date_ts":1729209600000,"profit_abs":0.0,"wins":0,"draws":0,"losses":0,"trades":0,"profit_factor":0.0},{"date":"19/10/2024","date_ts":1729296000000,"profit_abs":0.0,"wins":0,"draws":0,"losses":0,"trades":0,"profit_factor":0.0},{"date":"20/10/2024","date_ts":1729382400000,"profit_abs":0.0,"wins":0,"draws":0,"losses":0,"trades":0,"profit_factor":0.0},{"date":"21/10/2024","date_ts":1729468800000,"profit_abs":0.0,"wins":0,"draws":0,"losses":0,"trades":0,"profit_factor":0.0},{"date":"22/10/2024","date_ts":1729555200000,"profit_abs":0.0,"wins":0,"draws":0,"losses":0,"trades":0,"profit_factor":0.0},{"date":"23/10/2024","date_ts":1729641600000,"profit_abs":0.0,"wins":0,"draws":0,"losses":0,"trades":0,"profit_factor":0.0},{"date":"24/10/2024","date_ts":1729728000000,"profit_abs":0.0,"wins":0,"draws":0,"losses":0,"trades":0,"profit_factor":0.0},{"date":"25/10/2024","date_ts":1729814400000,"profit_abs":0.0,"wins":0,"draws":0,"losses":0,"trades":0,"profit_factor":0.0},{"date":"26/10/2024","date_ts":1729900800000,"profit_abs":0.0,"wins":0,"draws":0,"losses":0,"trades":0,"profit_factor":0.0},{"date":"27/10/2024","date_ts":1729987200000,"profit_abs":0.0,"wins":0,"draws":0,"losses":0,"trades":0,"profit_factor":0.0},{"date":"28/10/2024","date_ts":1730073600000,"profit_abs":0.0,"wins":0,"draws":0,"losses":0,"trades":0,"profit_factor":0.0},{"date":"29/10/2024","date_ts":1730160000000,"profit_abs":0.0,"wins":0,"draws":0,"losses":0,"trades":0,"profit_factor":0.0},{"date":"30/10/2024","date_ts":1730246400000,"profit_abs":-1.65589455,"wins":1,"draws":0,"losses":2,"trades":3,"profit_factor":0.64406199},{"date":"31/10/2024","date_ts":1730332800000,"profit_abs":0.0,"wins":0,"draws":0,"losses":0,"trades":0,"profit_factor":0.0},{"date":"01/11/2024","date_ts":1730419200000,"profit_abs":0.0,"wins":0,"draws":0,"losses":0,"trades":0,"profit_factor":0.0},{"date":"02/11/2024","date_ts":1730505600000,"profit_abs":0.0,"wins":0,"draws":0,"losses":0,"trades":0,"profit_factor":0.0},{"date":"03/11/2024","date_ts":1730592000000,"profit_abs":0.0,"wins":0,"draws":0,"losses":0,"trades":0,"profit_factor":0.0},{"date":"04/11/2024","date_ts":1730678400000,"profit_abs":0.0,"wins":0,"draws":0,"losses":0,"trades":0,"profit_factor":0.0},{"date":"05/11/2024","date_ts":1730764800000,"profit_abs":0.0,"wins":0,"draws":0,"losses":0,"trades":0,"profit_factor":0.0},{"date":"06/11/2024","date_ts":1730851200000,"profit_abs":4.99096485,"wins":1,"draws":0,"losses":0,"trades":1,"profit_factor":0.0},{"date":"07/11/2024","date_ts":1730937600000,"profit_abs":14.72690503,"wins":4,"draws":0,"losses":0,"trades":4,"profit_factor":0.0},{"date":"08/11/2024","date_ts":1731024000000,"profit_abs":0.0,"wins":0,"draws":0,"losses":0,"trades":0,"profit_factor":0.0},{"date":"09/11/2024","date_ts":1731110400000,"profit_abs":0.0,"wins":0,"draws":0,"losses":0,"trades":0,"profit_factor":0.0},{"date":"10/11/2024","date_ts":1731196800000,"profit_abs":0.0,"wins":0,"draws":0,"losses":0,"trades":0,"profit_factor":0.0},{"date":"11/11/2024","date_ts":1731283200000,"profit_abs":0.0,"wins":0,"draws":0,"losses":0,"trades":0,"profit_factor":0.0},{"date":"12/11/2024","date_ts":1731369600000,"profit_abs":0.0,"wins":0,"draws":0,"losses":0,"trades":0,"profit_factor":0.0},{"date":"13/11/2024","date_ts":1731456000000,"profit_abs":0.0,"wins":0,"draws":0,"losses":0,"trades":0,"profit_factor":0.0},{"date":"14/11/2024","date_ts":1731542400000,"profit_abs":0.0,"wins":0,"draws":0,"losses":0,"trades":0,"profit_factor":0.0},{"date":"15/11/2024","date_ts":1731628800000,"profit_abs":0.0,"wins":0,"draws":0,"losses":0,"trades":0,"profit_factor":0.0},{"date":"16/11/2024","date_ts":1731715200000,"profit_abs":0.0,"wins":0,"draws":0,"losses":0,"trades":0,"profit_factor":0.0},{"date":"17/11/2024","date_ts":1731801600000,"profit_abs":0.0,"wins":0,"draws":0,"losses":0,"trades":0,"profit_factor":0.0},{"date":"18/11/2024","date_ts":1731888000000,"profit_abs":0.0,"wins":0,"draws":0,"losses":0,"trades":0,"profit_factor":0.0},{"date":"19/11/2024","date_ts":1731974400000,"profit_abs":0.0,"wins":0,"draws":0,"losses":0,"trades":0,"profit_factor":0.0},{"date":"20/11/2024","date_ts":1732060800000,"profit_abs":0.0,"wins":0,"draws":0,"losses":0,"trades":0,"profit_factor":0.0},{"date":"21/11/2024","date_ts":1732147200000,"profit_abs":0.0,"wins":0,"draws":0,"losses":0,"trades":0,"profit_factor":0.0},{"date":"22/11/2024","date_ts":1732233600000,"profit_abs":0.0,"wins":0,"draws":0,"losses":0,"trades":0,"profit_factor":0.0},{"date":"23/11/2024","date_ts":1732320000000,"profit_abs":2.99848245,"wins":1,"draws":0,"losses":0,"trades":1,"profit_factor":0.0},{"date":"24/11/2024","date_ts":1732406400000,"profit_abs":0.0,"wins":0,"draws":0,"losses":0,"trades":0,"profit_factor":0.0},{"date":"25/11/2024","date_ts":1732492800000,"profit_abs":0.0,"wins":0,"draws":0,"losses":0,"trades":0,"profit_factor":0.0},{"date":"26/11/2024","date_ts":1732579200000,"profit_abs":0.0,"wins":0,"draws":0,"losses":0,"trades":0,"profit_factor":0.0},{"date":"27/11/2024","date_ts":1732665600000,"profit_abs":0.0,"wins":0,"draws":0,"losses":0,"trades":0,"profit_factor":0.0},{"date":"28/11/2024","date_ts":1732752000000,"profit_abs":0.0,"wins":0,"draws":0,"losses":0,"trades":0,"profit_factor":0.0},{"date":"29/11/2024","date_ts":1732838400000,"profit_abs":0.0,"wins":0,"draws":0,"losses":0,"trades":0,"profit_factor":0.0},{"date":"30/11/2024","date_ts":1732924800000,"profit_abs":0.0,"wins":0,"draws":0,"losses":0,"trades":0,"profit_factor":0.0},{"date":"01/12/2024","date_ts":1733011200000,"profit_abs":0.0,"wins":0,"draws":0,"losses":0,"trades":0,"profit_factor":0.0},{"date":"02/12/2024","date_ts":1733097600000,"profit_abs":-6.01570864,"wins":0,"draws":0,"losses":1,"trades":1,"profit_factor":0.0},{"date":"03/12/2024","date_ts":1733184000000,"profit_abs":0.0,"wins":0,"draws":0,"losses":0,"trades":0,"profit_factor":0.0},{"date":"04/12/2024","date_ts":1733270400000,"profit_abs":0.0,"wins":0,"draws":0,"losses":0,"trades":0,"profit_factor":0.0},{"date":"05/12/2024","date_ts":1733356800000,"profit_abs":0.0,"wins":0,"draws":0,"losses":0,"trades":0,"profit_factor":0.0},{"date":"06/12/2024","date_ts":1733443200000,"profit_abs":0.0,"wins":0,"draws":0,"losses":0,"trades":0,"profit_factor":0.0},{"date":"07/12/2024","date_ts":1733529600000,"profit_abs":0.0,"wins":0,"draws":0,"losses":0,"trades":0,"profit_factor":0.0},{"date":"08/12/2024","date_ts":1733616000000,"profit_abs":0.0,"wins":0,"draws":0,"losses":0,"trades":0,"profit_factor":0.0},{"date":"09/12/2024","date_ts":1733702400000,"profit_abs":0.0,"wins":0,"draws":0,"losses":0,"trades":0,"profit_factor":0.0},{"date":"10/12/2024","date_ts":1733788800000,"profit_abs":0.0,"wins":0,"draws":0,"losses":0,"trades":0,"profit_factor":0.0},{"date":"11/12/2024","date_ts":1733875200000,"profit_abs":0.0,"wins":0,"draws":0,"losses":0,"trades":0,"profit_factor":0.0},{"date":"12/12/2024","date_ts":1733961600000,"profit_abs":0.0,"wins":0,"draws":0,"losses":0,"trades":0,"profit_factor":0.0},{"date":"13/12/2024","date_ts":1734048000000,"profit_abs":0.0,"wins":0,"draws":0,"losses":0,"trades":0,"profit_factor":0.0},{"date":"14/12/2024","date_ts":1734134400000,"profit_abs":0.0,"wins":0,"draws":0,"losses":0,"trades":0,"profit_factor":0.0},{"date":"15/12/2024","date_ts":1734220800000,"profit_abs":2.97300767,"wins":1,"draws":0,"losses":0,"trades":1,"profit_factor":0.0}],"week":[{"date":"10/06/2024","date_ts":1717977600000,"profit_abs":2.986497,"wins":1,"draws":0,"losses":0,"trades":1,"profit_factor":0.0},{"date":"17/06/2024","date_ts":1718582400000,"profit_abs":-3.3438361,"wins":0,"draws":0,"losses":1,"trades":1,"profit_factor":0.0},{"date":"24/06/2024","date_ts":1719187200000,"profit_abs":0.0,"wins":0,"draws":0,"losses":0,"trades":0,"profit_factor":0.0},{"date":"01/07/2024","date_ts":1719792000000,"profit_abs":-0.86688076,"wins":1,"draws":0,"losses":2,"trades":3,"profit_factor":0.77571722},{"date":"08/07/2024","date_ts":1720396800000,"profit_abs":-4.74815732,"wins":0,"draws":0,"losses":2,"trades":2,"profit_factor":0.0},{"date":"15/07/2024","date_ts":1721001600000,"profit_abs":-0.69221406,"wins":1,"draws":0,"losses":1,"trades":2,"profit_factor":0.81210176},{"date":"22/07/2024","date_ts":1721606400000,"profit_abs":0.0,"wins":0,"draws":0,"losses":0,"trades":0,"profit_factor":0.0},{"date":"29/07/2024","date_ts":1722211200000,"profit_abs":2.81997973,"wins":2,"draws":0,"losses":2,"trades":4,"profit_factor":1.88774438},{"date":"05/08/2024","date_ts":1722816000000,"profit_abs":0.0,"wins":0,"draws":0,"losses":0,"trades":0,"profit_factor":0.0},{"date":"12/08/2024","date_ts":1723420800000,"profit_abs":1.74879935,"wins":2,"draws":0,"losses":1,"trades":3,"profit_factor":1.32046904},{"date":"19/08/2024","date_ts":1724025600000,"profit_abs":0.0,"wins":0,"draws":0,"losses":0,"trades":0,"profit_factor":0.0},{"date":"26/08/2024","date_ts":1724630400000,"profit_abs":-0.72691274,"wins":1,"draws":0,"losses":2,"trades":3,"profit_factor":0.87307031},{"date":"02/09/2024","date_ts":1725235200000,"profit_abs":0.0,"wins":0,"draws":0,"losses":0,"trades":0,"profit_factor":0.0},{"date":"09/09/2024","date_ts":1725840000000,"profit_abs":0.0,"wins":0,"draws":0,"losses":0,"trades":0,"profit_factor":0.0},{"date":"16/09/2024","date_ts":1726444800000,"profit_abs":2.96095534,"wins":3,"draws":0,"losses":2,"trades":5,"profit_factor":1.4908367},{"date":"23/09/2024","date_ts":1727049600000,"profit_abs":12.24918282,"wins":3,"draws":0,"losses":0,"trades":3,"profit_factor":0.0},{"date":"30/09/2024","date_ts":1727654400000,"profit_abs":-2.74638434,"wins":0,"draws":0,"losses":1,"trades":1,"profit_factor":0.0},{"date":"07/10/2024","date_ts":1728259200000,"profit_abs":0.0,"wins":0,"draws":0,"losses":0,"trades":0,"profit_factor":0.0},{"date":"14/10/2024","date_ts":1728864000000,"profit_abs":-8.44527119,"wins":1,"draws":0,"losses":5,"trades":6,"profit_factor":0.37149454},{"date":"21/10/2024","date_ts":1729468800000,"profit_abs":-2.5635428,"wins":0,"draws":0,"losses":1,"trades":1,"profit_factor":0.0},{"date":"28/10/2024","date_ts":1730073600000,"profit_abs":0.0,"wins":0,"draws":0,"losses":0,"trades":0,"profit_factor":0.0},{"date":"04/11/2024","date_ts":1730678400000,"profit_abs":-1.65589455,"wins":1,"draws":0,"losses":2,"trades":3,"profit_factor":0.64406199},{"date":"11/11/2024","date_ts":1731283200000,"profit_abs":19.71786988,"wins":5,"draws":0,"losses":0,"trades":5,"profit_factor":0.0},{"date":"18/11/2024","date_ts":1731888000000,"profit_abs":0.0,"wins":0,"draws":0,"losses":0,"trades":0,"profit_factor":0.0},{"date":"25/11/2024","date_ts":1732492800000,"profit_abs":2.99848245,"wins":1,"draws":0,"losses":0,"trades":1,"profit_factor":0.0},{"date":"02/12/2024","date_ts":1733097600000,"profit_abs":-6.01570864,"wins":0,"draws":0,"losses":1,"trades":1,"profit_factor":0.0},{"date":"09/12/2024","date_ts":1733702400000,"profit_abs":0.0,"wins":0,"draws":0,"losses":0,"trades":0,"profit_factor":0.0},{"date":"16/12/2024","date_ts":1734307200000,"profit_abs":2.97300767,"wins":1,"draws":0,"losses":0,"trades":1,"profit_factor":0.0}],"month":[{"date":"30/06/2024","date_ts":1719705600000,"profit_abs":0.33345614,"wins":2,"draws":0,"losses":2,"trades":4,"profit_factor":1.05900538},{"date":"31/07/2024","date_ts":1722384000000,"profit_abs":-4.17806765,"wins":3,"draws":0,"losses":6,"trades":9,"profit_factor":0.6826716},{"date":"31/08/2024","date_ts":1725062400000,"profit_abs":1.02188661,"wins":3,"draws":0,"losses":3,"trades":6,"profit_factor":1.09137129},{"date":"30/09/2024","date_ts":1727654400000,"profit_abs":12.46375382,"wins":6,"draws":0,"losses":3,"trades":9,"profit_factor":2.41974796},{"date":"31/10/2024","date_ts":1730332800000,"profit_abs":-12.66470854,"wins":2,"draws":0,"losses":8,"trades":10,"profit_factor":0.3867804},{"date":"30/11/2024","date_ts":1732924800000,"profit_abs":22.71635233,"wins":6,"draws":0,"losses":0,"trades":6,"profit_factor":0.0},{"date":"31/12/2024","date_ts":1735603200000,"profit_abs":-3.04270097,"wins":1,"draws":0,"losses":1,"trades":2,"profit_factor":0.49420739}],"year":[{"date":"31/12/2024","date_ts":1735603200000,"profit_abs":16.64997174,"wins":23,"draws":0,"losses":23,"trades":46,"profit_factor":1.25439639}],"weekday":[{"date":"Monday","date_ts":0,"profit_abs":-13.80455443,"wins":1,"draws":0,"losses":6,"trades":7,"profit_factor":0.26557269},{"date":"Tuesday","date_ts":1,"profit_abs":-18.8547919,"wins":1,"draws":0,"losses":8,"trades":9,"profit_factor":0.1367363},{"date":"Wednesday","date_ts":2,"profit_abs":-6.28126516,"wins":3,"draws":0,"losses":6,"trades":9,"profit_factor":0.63625466},{"date":"Thursday","date_ts":3,"profit_abs":33.90859398,"wins":10,"draws":0,"losses":0,"trades":10,"profit_factor":0.0},{"date":"Friday","date_ts":4,"profit_abs":6.26542604,"wins":3,"draws":0,"losses":2,"trades":5,"profit_factor":2.04573104},{"date":"Saturday","date_ts":5,"profit_abs":13.99510815,"wins":4,"draws":0,"losses":0,"trades":4,"profit_factor":0.0},{"date":"Sunday","date_ts":6,"profit_abs":1.42145506,"wins":1,"draws":0,"losses":1,"trades":2,"profit_factor":1.91615009}]},"backtest_best_day":0.1474964513192294,"backtest_worst_day":-0.11895616244456343,"backtest_best_day_abs":14.72690503,"backtest_worst_day_abs":-11.88551638,"winning_days":17,"draw_days":161,"losing_days":17,"daily_profit":[["2024-06-04",2.986497],["2024-06-05",0.0],["2024-06-06",0.0],["2024-06-07",0.0],["2024-06-08",0.0],["2024-06-09",0.0],["2024-06-10",0.0],["2024-06-11",0.0],["2024-06-12",-3.3438361],["2024-06-13",0.0],["2024-06-14",0.0],["2024-06-15",0.0],["2024-06-16",0.0],["2024-06-17",0.0],["2024-06-18",0.0],["2024-06-19",0.0],["2024-06-20",0.0],["2024-06-21",0.0],["2024-06-22",0.0],["2024-06-23",0.0],["2024-06-24",0.0],["2024-06-25",0.0],["2024-06-26",0.0],["2024-06-27",2.9982432],["2024-06-28",-2.30744796],["2024-06-29",0.0],["2024-06-30",0.0],["2024-07-01",-1.557676],["2024-07-02",-1.50835364],["2024-07-03",-3.23980368],["2024-07-04",0.0],["2024-07-05",0.0],["2024-07-06",0.0],["2024-07-07",0.0],["2024-07-08",0.0],["2024-07-09",0.0],["2024-07-10",0.0],["2024-07-11",2.99176962],["2024-07-12",-3.68398368],["2024-07-13",0.0],["2024-07-14",0.0],["2024-07-15",0.0],["2024-07-16",0.0],["2024-07-17",0.0],["2024-07-18",0.0],["2024-07-19",0.0],["2024-07-20",0.0],["2024-07-21",0.0],["2024-07-22",0.0],["2024-07-23",0.0],["2024-07-24",2.9997696],["2024-07-25",0.0],["2024-07-26",0.0],["2024-07-27",2.9967774],["2024-07-28",0.0],["2024-07-29",-3.17656727],["2024-07-30",0.0],["2024-07-31",0.0],["2024-08-01",0.0],["2024-08-02",0.0],["2024-08-03",0.0],["2024-08-04",0.0],["2024-08-05",0.0],["2024-08-06",0.0],["2024-08-07",0.0],["2024-08-08",7.20579867],["2024-08-09",0.0],["2024-08-10",0.0],["2024-08-11",0.0],["2024-08-12",-5.45699932],["2024-08-13",0.0],["2024-08-14",0.0],["2024-08-15",0.0],["2024-08-16",0.0],["2024-08-17",0.0],["2024-08-18",0.0],["2024-08-19",0.0],["2024-08-20",-3.13749174],["2024-08-21",0.0],["2024-08-22",0.0],["2024-08-23",0.0],["2024-08-24",4.99998],["2024-08-25",0.0],["2024-08-26",-2.589401],["2024-08-27",0.0],["2024-08-28",0.0],["2024-08-29",0.0],["2024-08-30",0.0],["2024-08-31",0.0],["2024-09-01",0.0],["2024-09-02",0.0],["2024-09-03",0.0],["2024-09-04",0.0],["2024-09-05",0.0],["2024-09-06",0.0],["2024-09-07",0.0],["2024-09-08",0.0],["2024-09-09",0.0],["2024-09-10",0.0],["2024-09-11",-6.03246528],["2024-09-12",2.996352],["2024-09-13",2.99720032],["2024-09-14",2.9998683],["2024-09-15",0.0],["2024-09-16",0.0],["2024-09-17",0.0],["2024-09-18",0.0],["2024-09-19",2.98952546],["2024-09-20",9.25965736],["2024-09-21",0.0],["2024-09-22",0.0],["2024-09-23",0.0],["2024-09-24",-2.74638434],["2024-09-25",0.0],["2024-09-26",0.0],["2024-09-27",0.0],["2024-09-28",0.0],["2024-09-29",0.0],["2024-09-30",0.0],["2024-10-01",0.0],["2024-10-02",0.0],["2024-10-03",0.0],["2024-10-04",0.0],["2024-10-05",0.0],["2024-10-06",0.0],["2024-10-07",0.0],["2024-10-08",-11.88551638],["2024-10-09",0.0],["2024-10-10",0.0],["2024-10-11",0.0],["2024-10-12",0.0],["2024-10-13",-1.55155261],["2024-10-14",4.9917978],["2024-10-15",-2.5635428],["2024-10-16",0.0],["2024-10-17",0.0],["2024-10-18",0.0],["2024-10-19",0.0],["2024-10-20",0.0],["2024-10-21",0.0],["2024-10-22",0.0],["2024-10-23",0.0],["2024-10-24",0.0],["2024-10-25",0.0],["2024-10-26",0.0],["2024-10-27",0.0],["2024-10-28",0.0],["2024-10-29",0.0],["2024-10-30",-1.65589455],["2024-10-31",0.0],["2024-11-01",0.0],["2024-11-02",0.0],["2024-11-03",0.0],["2024-11-04",0.0],["2024-11-05",0.0],["2024-11-06",4.99096485],["2024-11-07",14.72690503],["2024-11-08",0.0],["2024-11-09",0.0],["2024-11-10",0.0],["2024-11-11",0.0],["2024-11-12",0.0],["2024-11-13",0.0],["2024-11-14",0.0],["2024-11-15",0.0],["2024-11-16",0.0],["2024-11-17",0.0],["2024-11-18",0.0],["2024-11-19",0.0],["2024-11-20",0.0],["2024-11-21",0.0],["2024-11-22",0.0],["2024-11-23",2.99848245],["2024-11-24",0.0],["2024-11-25",0.0],["2024-11-26",0.0],["2024-11-27",0.0],["2024-11-28",0.0],["2024-11-29",0.0],["2024-11-30",0.0],["2024-12-01",0.0],["2024-12-02",-6.01570864],["2024-12-03",0.0],["2024-12-04",0.0],["2024-12-05",0.0],["2024-12-06",0.0],["2024-12-07",0.0],["2024-12-08",0.0],["2024-12-09",0.0],["2024-12-10",0.0],["2024-12-11",0.0],["2024-12-12",0.0],["2024-12-13",0.0],["2024-12-14",0.0],["2024-12-15",2.97300767]],"wins":23,"losses":23,"draws":0,"winrate":0.5,"holding_avg":"1 day, 8:16:00","holding_avg_s":116160.0,"winner_holding_min":"0d 04:00","winner_holding_min_s":14400.0,"winner_holding_max":"4d 00:00","winner_holding_max_s":345600.0,"winner_holding_avg":"1d 10:26","winner_holding_avg_s":123960.0,"loser_holding_min":"0d 04:00","loser_holding_min_s":14400.0,"loser_holding_max":"3d 04:00","loser_holding_max_s":273600.0,"loser_holding_avg":"1d 06:05","loser_holding_avg_s":108300.0,"max_consecutive_wins":6,"max_consecutive_losses":6,"max_drawdown_account":0.008041917387956201,"max_relative_drawdown":0.008041917387956201,"max_drawdown_abs":16.18345333,"drawdown_start":"2024-09-20 04:00:00","drawdown_start_ts":1726804800000.0,"drawdown_end":"2024-10-13 16:00:00","drawdown_end_ts":1728835200000.0,"drawdown_duration":"23 days 12:00:00","drawdown_duration_s":2030400.0,"max_drawdown_low":-3.796040070000002,"max_drawdown_high":12.387413259999999,"csum_min":1991.14480982,"csum_max":2019.69267271}},"strategy_comparison":[{"key":"EPAAlphaTrend","trades":46,"profit_mean":0.0036163577473116593,"profit_mean_pct":0.36,"profit_total_abs":16.64997174,"profit_total":0.008324985870000001,"profit_total_pct":0.83,"duration_avg":"1 day, 8:16:00","wins":23,"draws":0,"losses":23,"winrate":0.5,"cagr":0.014308162714211425,"expectancy":0.3619559073913041,"expectancy_ratio":0.12719819717559222,"sortino":1.185906904382305,"sharpe":0.44051188364529087,"calmar":9.285188533701223,"sqn":0.7162,"profit_factor":1.2543963943511842,"max_drawdown_account":0.008041917387956201,"max_drawdown_abs":"16.183"}]}